-- Backup
UPDATE `creature` SET `map` = 5560 WHERE `map` = 556;

-- Spawns
INSERT INTO `creature` VALUES
(556000,18327,556,3,0,99,-82.83,113.978,0.00720952,4.3935,10800,0,0,12844,33745,0,0),
(556001,18327,556,3,0,99,-65.603,168.41,0.00872061,2.71274,10800,0,0,12844,33745,0,0),
(556002,18327,556,3,0,99,-249.149,159.94,0.071156,0.735888,10800,0,0,12844,33745,0,0),
(556003,18327,556,3,0,99,-70.6823,83.5585,0.0072107,2.38681,10800,0,0,12844,33745,0,0),
(556004,18327,556,3,0,99,-59.3197,110.16,0.00720393,0.847425,10800,0,0,12844,33745,0,0),
(556005,18327,556,3,0,99,43.9238,105.848,0.150805,4.6998,10800,0,0,12844,33745,0,0),
(556006,18327,556,3,0,99,56.4907,78.122,0.0110131,1.17809,10800,0,0,12844,33745,0,0),
(556007,18327,556,3,0,99,82.2538,111.642,0.309918,2.1559,10800,0,0,12844,33745,0,0),
(556008,18327,556,3,0,99,16.9146,106.801,0.423325,4.50817,10800,0,0,12844,33745,0,0),
(556009,18327,556,3,0,99,22.4906,72.9365,0.590624,0.428022,10800,0,0,12844,33745,0,0),
(556010,18318,556,3,0,1516,-266.2,180.196,0.0339732,0.703685,10800,0,0,18345,0,0,0),
(556011,18318,556,3,0,1516,-84.1271,104.895,0.00720952,1.60925,10800,0,0,18345,0,0,0),
(556012,18318,556,3,0,1516,37.9472,99.5696,0.150809,0.117006,10800,0,0,18345,0,0,0),
(556013,18318,556,3,0,1516,49.7412,98.8194,0.150805,3.03476,10800,0,0,18345,0,0,0),
(556014,18318,556,3,0,1516,58.9125,83.4522,0.141001,4.08799,10800,0,0,18345,0,0,0),
(556015,18318,556,3,0,1516,76.0441,117.134,0.288058,5.08544,10800,0,0,18345,0,0,0),
(556016,18318,556,3,0,1516,11.578,103.391,0.424489,0.55369,10800,0,0,18345,0,0,0),
(556017,18472,556,3,0,0,-144.332,173.307,1.68535,6.28057,43200,0,0,85194,140620,0,0),
(556018,18318,556,3,0,1516,20.1954,81.116,0.0234405,5.5017,10800,0,0,18345,0,0,0),
(556019,18318,556,3,0,1516,28.0602,77.0513,0.174205,2.35225,10800,0,0,18345,0,0,0),
(556020,18323,556,3,0,1449,-104.994,177.139,0.00966716,6.23446,10800,0,0,18345,0,0,0),
(556021,18323,556,3,0,1449,-105.033,170.147,0.00966716,6.25017,10800,0,0,18345,0,0,0),
(556022,18323,556,3,0,1449,-66.7565,131.185,0.00575906,4.70843,10800,0,0,18345,0,0,0),
(556023,18323,556,3,0,1449,-75.1704,131.218,0.00575906,4.70843,10800,0,0,18345,0,0,0),
(556024,18323,556,3,0,1449,48.8068,130.586,0.0811725,4.73122,10800,0,0,18345,0,0,0),
(556025,18323,556,3,0,1449,41.6294,130.64,0.0858025,4.66054,10800,0,0,18345,0,0,0),
(556026,18323,556,3,0,1449,90.6777,103.853,0.0908531,3.10624,10800,0,0,18345,0,0,0),
(556027,18323,556,3,0,1449,90.899,97.0613,0.00746803,3.05519,10800,0,0,18345,0,0,0),
(556028,18323,556,3,0,1449,-2.31109,103.609,0.00719541,6.25568,10800,0,0,18345,0,0,0),
(556029,18323,556,3,0,1449,-2.59732,96.8673,0.00719541,6.27532,10800,0,0,18345,0,0,0),
(556030,18323,556,3,0,1449,39.4102,51.7897,0.00822106,4.754,10800,0,0,18345,0,0,0),
(556031,18323,556,3,0,1449,47.3249,52.1451,0.00822106,4.68724,10800,0,0,18345,0,0,0),
(556032,18323,556,3,0,1449,27.0571,-4.73126,0.0062,3.06933,10800,0,0,18345,0,0,0),
(556033,18473,556,3,0,0,44.4522,286.902,25.0132,3.16829,43200,0,0,90287,45924,0,0),
(556034,19429,556,3,0,0,-70.4107,109.628,0.00575906,1.59511,10800,0,0,18978,0,0,2),
(556035,21904,556,3,0,0,-15.4586,293.766,26.7306,4.56233,10800,0,0,19626,0,0,2),
(556036,21904,556,3,0,0,-126.323,276.7,27.2817,5.9132,10800,0,0,19626,0,0,2),
(556037,21904,556,3,0,0,-168.78,286.087,26.6818,3.04573,10800,0,0,19626,0,0,2),
(556038,18321,556,3,0,1517,-88.0316,314.335,25.7694,4.00155,10800,0,0,15176,2991,0,2),
(556039,18321,556,3,0,1517,-76.7977,277.367,25.1225,3.9749,10800,0,0,15176,2991,0,2),
(556040,18321,556,3,0,1517,-64.4036,281.848,26.8234,0.408351,10800,0,0,15176,2991,0,2),
(556041,18321,556,3,0,1517,-217.927,343.478,26.8268,5.73573,10800,0,0,15176,2991,0,2),
(556042,18321,556,3,0,1517,-245.284,331.204,27.0823,6.22502,10800,0,0,15176,2991,0,2),
(556043,19428,556,3,0,0,-93.5769,287.374,26.4832,1.24244,10800,0,0,31398,14955,0,2),
(556044,19428,556,3,0,0,-179.81,285.767,26.3917,1.92497,10800,0,0,31398,14955,0,2),
(556045,19428,556,3,0,0,-213.308,204.461,26.7227,4.62438,10800,0,0,31398,14955,0,2),
(556046,19428,556,3,0,0,-237.134,172.762,0.0181006,2.28234,10800,0,0,31398,14955,0,2),
(556047,19429,556,3,0,0,-79.7081,97.0032,0.00720708,1.79383,10800,0,0,18978,0,0,2),
(556048,19429,556,3,0,0,56.9616,87.9582,0.150808,4.35503,10800,0,0,18978,0,0,2),
(556049,19429,556,3,0,0,71.5671,119.089,-0.0970558,5.17183,10800,0,0,18978,0,0,2),
(556050,19429,556,3,0,0,23.6554,105.746,0.314959,3.57747,10800,0,0,18978,0,0,2),
(556051,19429,556,3,0,0,44.1187,40.3451,0.00710403,4.73437,10800,0,0,18978,0,0,2),
(556052,18318,556,3,0,1516,-241.708,168.436,0.0371223,2.71823,10800,0,0,18345,0,0,2),
(556053,18318,556,3,0,1516,44.277,36.1481,0.00710403,4.75008,10800,0,0,18345,0,0,2),
(556054,18326,556,3,0,1518,-1.85038,283.631,26.6972,3.12112,10800,0,0,15686,15400,0,0),
(556055,18326,556,3,0,1518,-59.2551,313.144,27.2844,3.99998,10800,0,0,15686,15400,0,0),
(556056,18320,556,3,0,1319,-70.1904,270.717,26.6588,2.92639,10800,0,0,13726,35155,0,0),
(556057,18320,556,3,0,1319,-9.9106,281.105,26.7306,2.97582,10800,0,0,13726,35155,0,0),
(556058,18320,556,3,0,1319,-59.71,278.999,26.9153,1.05866,10800,0,0,13726,35155,0,0),
(556059,18320,556,3,0,1319,-65.5693,316.952,27.5045,4.57882,10800,0,0,13726,35155,0,0),
(556060,18320,556,3,0,1319,-114.604,268.434,26.8474,2.44725,10800,0,0,13726,35155,0,0),
(556061,18321,556,3,0,1517,-9.55722,292.701,26.7306,3.14861,10800,0,0,15176,2991,0,0),
(556062,18325,556,3,0,1237,-82.6601,263.878,26.8079,1.80327,10800,0,0,13726,35155,0,0),
(556063,18325,556,3,0,1237,-73.3755,266.14,26.65,2.1999,10800,0,0,13726,35155,0,0),
(556064,18325,556,3,0,1237,-1.93382,289.688,26.6972,3.16431,10800,0,0,13726,35155,0,0),
(556065,18325,556,3,0,1237,-48.876,285.009,26.8404,3.75258,10800,0,0,13726,35155,0,0),
(556066,18325,556,3,0,1237,-49.8802,280.341,26.87,2.1111,10800,0,0,13726,35155,0,0),
(556067,18325,556,3,0,1237,-57.8245,306.055,26.713,2.60983,10800,0,0,13726,35155,0,0),
(556068,18325,556,3,0,1237,-103.606,302.112,26.5147,1.01468,10800,0,0,13726,35155,0,0),
(556069,18325,556,3,0,1237,-123.463,270.365,27.2622,1.54718,10800,0,0,13726,35155,0,0),
(556070,18325,556,3,0,1237,-180.072,276.655,26.6813,1.50635,10800,0,0,13726,35155,0,0),
(556071,18325,556,3,0,1237,-188.752,282.299,26.6155,0.0926325,10800,0,0,13726,35155,0,0),
(556072,18325,556,3,0,1237,-204.918,337.105,26.6365,1.31629,10800,0,0,13726,35155,0,0),
(556073,18325,556,3,0,1237,-201.686,345.276,26.6374,3.08736,10800,0,0,13726,35155,0,0),
(556074,18325,556,3,0,1237,-230.57,331.326,27.3869,2.86745,10800,0,0,13726,35155,0,0),
(556075,18325,556,3,0,1237,-234.572,335.623,27.3029,3.95915,10800,0,0,13726,35155,0,0),
(556076,18319,556,3,0,94,-95.4783,314.689,26.4742,4.05024,10800,0,0,13282,34410,0,0),
(556077,18319,556,3,0,94,-102.933,310.369,26.6274,5.27546,10800,0,0,13282,34410,0,0),
(556078,18319,556,3,0,94,-118.098,265.801,27.077,1.69248,10800,0,0,13282,34410,0,0),
(556079,18319,556,3,0,94,-172.847,281.592,26.5753,2.9397,10800,0,0,13282,34410,0,0),
(556080,18319,556,3,0,94,-210.527,344.918,26.7078,4.89064,10800,0,0,13282,34410,0,0),
(556081,18319,556,3,0,94,-240.731,335.762,27.1731,5.9737,10800,0,0,13282,34410,0,0),
(556082,18319,556,3,0,94,-266.429,190.288,0.0344637,5.95407,10800,0,0,13282,34410,0,0),
(556083,18319,556,3,0,94,-268.345,184.362,0.0344637,0.487697,10800,0,0,13282,34410,0,0),
(556084,21891,556,3,0,0,-186.508,337.89,25.792,0.727239,10800,4,0,4112,0,0,1),
(556085,21891,556,3,0,0,-191.23,333.657,24.7364,0.735093,10800,4,0,4112,0,0,1),
(556086,21891,556,3,0,0,-185.957,333.468,25.7527,3.22481,10800,4,0,4112,0,0,1),
(556087,21891,556,3,0,0,-181.856,334.14,25.6838,1.6383,10800,4,0,4112,0,0,1),
(556088,21891,556,3,0,0,-187.691,329.533,25.6998,0.699751,10800,4,0,4112,0,0,1),
(556089,21891,556,3,0,0,-211.76,311.188,33.985,3.73924,10800,4,0,4112,0,0,1),
(556090,21891,556,3,0,0,-208.722,310.491,32.7327,4.5482,10800,4,0,4112,0,0,1),
(556091,21891,556,3,0,0,-207.842,315.809,30.7336,5.22364,10800,4,0,4112,0,0,1),
(556092,21891,556,3,0,0,-214.073,316.014,31.9912,4.22226,10800,4,0,4112,0,0,1),
(556093,21891,556,3,0,0,-210.157,321.121,28.7218,4.57962,10800,4,0,4112,0,0,1),
(556094,21891,556,3,0,0,-241.434,279.821,27.1337,3.50362,10800,4,0,4112,0,0,1),
(556095,21891,556,3,0,0,-236.114,280.839,26.8363,5.32181,10800,4,0,4112,0,0,1),
(556096,21891,556,3,0,0,-239.695,287.379,27.2153,4.52071,10800,4,0,4112,0,0,1),
(556097,21891,556,3,0,0,-238.362,292.167,27.1108,0.299195,10800,4,0,4112,0,0,1),
(556098,21891,556,3,0,0,-246.924,293.31,27.1549,1.41446,10800,4,0,4112,0,0,1),
(556099,21891,556,3,0,0,-245.98,286.151,27.6126,5.4946,10800,4,0,4112,0,0,1),
(556100,21891,556,3,0,0,-251.984,292.204,27.2069,1.96424,10800,4,0,4112,0,0,1),
(556101,21891,556,3,0,0,-252.979,282.54,27.125,2.11346,10800,4,0,4112,0,0,1),
(556102,21891,556,3,0,0,-248.162,275.141,27.0023,2.90672,10800,4,0,4112,0,0,1),
(556103,21891,556,3,0,0,-237.831,272.618,26.8359,1.31629,10800,4,0,4112,0,0,1),
(556104,21891,556,3,0,0,-226.085,185.425,3.59751,2.14411,10800,4,0,4112,0,0,1),
(556105,21891,556,3,0,0,-227.914,199.032,5.95795,4.37857,10800,4,0,4112,0,0,1),
(556106,21891,556,3,0,0,-226.14,191.49,5.62879,0.966012,10800,4,0,4112,0,0,1),
(556107,21891,556,3,0,0,-220.916,188.308,4.95999,5.02652,10800,4,0,4112,0,0,1),
(556108,21891,556,3,0,0,-221.416,194.831,7.39966,4.72022,10800,4,0,4112,0,0,1),
(556109,18322,556,3,0,1270,-141.699,291.342,26.7319,3.14234,10800,0,0,18972,0,0,0),
(556110,18322,556,3,0,1270,-141.693,282.48,26.7319,3.14234,10800,0,0,18972,0,0,0),
(556111,18322,556,3,0,1270,-238.565,212.601,26.7745,4.68722,10800,0,0,18972,0,0,0),
(556112,18322,556,3,0,1270,-246.404,212.666,26.7484,4.62438,10800,0,0,18972,0,0,0),
(556113,18322,556,3,0,1270,-205.899,169.483,0.0115074,0.00546837,10800,0,0,18972,0,0,0),
(556114,18322,556,3,0,1270,-205.941,177.183,0.0115074,0.00546837,10800,0,0,18972,0,0,0),
(556115,18328,556,3,0,96,-261.291,192.02,-0.0537414,5.06265,10800,0,0,12844,33745,0,0),
(556116,18328,556,3,0,96,-250.402,166.542,0.0783735,5.40115,10800,0,0,12844,33745,0,0),
(556117,18328,556,3,0,96,-75.039,174.012,0.00919677,4.68802,10800,0,0,12844,33745,0,0),
(556118,18328,556,3,0,96,-69.4267,173.875,0.00895159,4.68802,10800,0,0,12844,33745,0,0),
(556119,18328,556,3,0,96,-87.5478,109.286,0.00720952,0.0266757,10800,0,0,12844,33745,0,0),
(556120,18328,556,3,0,96,-77.1996,90.3404,0.0072107,4.75479,10800,0,0,12844,33745,0,0),
(556121,18328,556,3,0,96,-78.2004,85.0288,0.0072107,0.289789,10800,0,0,12844,33745,0,0),
(556122,18328,556,3,0,96,-59.9827,115.417,0.00720393,5.64228,10800,0,0,12844,33745,0,0),
(556123,18328,556,3,0,96,-52.9985,110.334,0.00738084,2.51247,10800,0,0,12844,33745,0,0),
(556124,18327,556,3,0,99,-244.07,157.547,0.0649488,1.22676,10800,0,0,12844,33745,0,0),
(556125,18956,556,1,18347,0,-160.813,157.043,0.094095,1.0821,180,0,0,6326,0,0,0),
(556126,18321,556,3,0,1517,-59.7816,300.337,26.3979,2.28782,10800,0,0,15176,2991,0,2),
(556127,18323,556,3,0,1449,27.4051,4.92187,0.0062,3.0929,10800,0,0,18345,0,0,0);

-- Paths
INSERT INTO `creature_addon` (guid, path_id) VALUES
(556042, 5560420),
(556052, 5560520),
(556046, 5560460),
(556041, 5560410),
(556045, 5560450),
(556044, 5560440),
(556037, 5560370),
(556036, 5560360),
(556060, 5560600),
(556043, 5560430),
(556038, 5560380),
(556047, 5560470),
(556039, 5560390),
(556034, 5560340),
(556040, 5560400),
(556126, 5561260),
(556067, 5560670),
(556035, 5560350),
(556050, 5560500),
(556051, 5560510),
(556053, 5560530),
(556048, 5560480),
(556049, 5560490);

-- Waypoints
INSERT INTO `waypoint_data` VALUES
(5560600,1,-274.504,175.462,0.033912,0,0,0,100,0),
(5560600,2,-274.015,152.113,13.5386,0,0,0,100,0),
(5560600,3,-267.453,141.993,13.5675,0,0,0,100,0),
(5560600,4,-241.714,141.775,26.7673,0,0,0,100,0),
(5560600,5,-213.604,141.451,26.7647,0,0,0,100,0),
(5560600,6,-214.289,207.392,26.7229,0,0,0,100,0),
(5560600,7,-238.775,207.254,27.0983,0,0,0,100,0),
(5560600,8,-213.134,203.78,26.723,0,0,0,100,0),
(5560600,9,-212.096,152.532,26.8705,0,0,0,100,0),
(5560600,10,-218.404,143.278,26.777,0,0,0,100,0),
(5560600,11,-239.375,142.238,26.77,0,0,0,100,0),
(5560600,12,-257.826,142.459,14.8671,0,0,0,100,0),
(5560600,13,-271.415,149.92,13.5672,0,0,0,100,0),
(5560600,14,-271.829,168.476,1.48774,0,0,0,100,0),
(5560600,15,-255.999,177.356,0.039128,0,0,0,100,0),
(5560600,16,-240.256,174.089,0.114145,0,0,0,100,0),
(5560600,17,-219.542,171.441,0.032917,0,0,0,100,0),
(5560670,1,-226.569,333.692,27.389,0,0,0,100,0),
(5560670,2,-210.749,330.871,26.6555,0,0,0,100,0),
(5560670,3,-195.975,318.315,26.6636,0,0,0,100,0),
(5560670,4,-203.088,327.232,26.589,0,0,0,100,0),
(5560670,5,-217.978,331.525,26.9294,0,0,0,100,0),
(5560670,6,-235.561,338.92,27.1967,0,0,0,100,0),
(5560510,1,42.7807,5.13684,0.007373,0,0,0,100,0),
(5560510,2,36.1834,-0.761362,0.005929,0,0,0,100,0),
(5560510,3,44.6504,42.1147,0.008511,0,0,0,100,0),
(5560480,1,52.4949,78.1833,-0.428741,0,0,0,100,0),
(5560480,2,56.8639,86.8146,0.150805,0,0,0,100,0),
(5560530,1,44.3168,9.75431,0.007222,0,0,0,100,0),
(5560530,2,37.2276,0.905388,0.007222,0,0,0,100,0),
(5560530,3,44.9614,36.1028,0.008139,0,0,0,100,0),
(5560500,1,8.96964,98.9153,0.328978,0,0,0,100,0),
(5560500,2,22.9893,108.941,-0.661693,0,0,0,100,0),
(5560490,1,81.1012,107.975,0.21993,0,0,0,100,0),
(5560490,2,70.236,119.173,-0.213767,0,0,0,100,0),
(5560460,1,-250.845,194.718,0.055181,0,0,0,100,0),
(5560460,2,-225.893,166.266,-0.227584,0,0,0,100,0),
(5560520,1,-257.892,181.67,0.037073,0,0,0,100,0),
(5560520,2,-235.272,160.555,-0.289425,0,0,0,100,0),
(5560470,1,-76.2284,106.511,0.007209,0,0,0,100,0),
(5560470,2,-68.97,109.448,0.007217,0,0,0,100,0),
(5560470,3,-61.7297,104.344,0.007217,0,0,0,100,0),
(5560470,4,-62.4257,94.6643,0.014255,0,0,0,100,0),
(5560470,5,-71.2009,90.4518,0.008227,0,0,0,100,0),
(5560470,6,-79.1504,94.9096,0.008227,0,0,0,100,0),
(5560420,1,-229.762,324.535,27.0882,0,0,0,100,0),
(5560420,2,-244.278,332.771,27.166,0,0,0,100,0),
(5560450,1,-212.193,147.526,26.7606,0,0,0,100,0),
(5560450,2,-241.724,140.938,26.7632,0,0,0,100,0),
(5560450,3,-241.724,140.938,26.7632,0,0,0,100,0),
(5560450,4,-248.74,141.081,21.7831,0,0,0,100,0),
(5560450,5,-252.865,141.732,18.6438,0,0,0,100,0),
(5560450,6,-258.404,141.505,14.4212,0,0,0,100,0),
(5560450,7,-270.541,141.141,13.5618,0,0,0,100,0),
(5560450,8,-273.132,151.629,13.5484,0,0,0,100,0),
(5560450,9,-272.126,163.131,5.58331,0,0,0,100,0),
(5560450,10,-271.164,175.889,0.03392,0,0,0,100,0),
(5560450,11,-271.752,159.8,8.13602,0,0,0,100,0),
(5560450,12,-267.577,142.918,13.5722,0,0,0,100,0),
(5560450,13,-258.982,140.517,13.9989,0,0,0,100,0),
(5560450,14,-244.083,140.503,25.3281,0,0,0,100,0),
(5560450,15,-216.474,140.744,26.7607,0,0,0,100,0),
(5560450,16,-210.702,193.495,27.0679,0,0,0,100,0),
(5560410,1,-208.131,333.082,26.6367,0,0,0,100,0),
(5560410,2,-217.456,345.45,26.8297,0,0,0,100,0),
(5560440,1,-194.592,325.382,26.3787,0,0,0,100,0),
(5560440,2,-180.495,285.601,26.3992,0,0,0,100,0),
(5560370,1,-186.019,286.508,26.5036,0,0,0,100,0),
(5560370,2,-171.507,287.724,26.6091,0,0,0,100,0),
(5561260,1,-69.5415,314.919,26.907,0,0,0,100,0),
(5561260,2,-59.279,300.474,26.4151,0,0,0,100,0),
(5560400,1,-47.2885,290.346,26.8063,0,0,0,100,0),
(5560400,2,-63.2333,283.804,26.888,0,0,0,100,0),
(5560390,1,-85.1718,267.619,26.8079,0,0,0,100,0),
(5560390,2,-75.1065,278.933,25.4734,0,0,0,100,0),
(5560340,1,-70.1707,133.524,0.006612,0,0,0,100,0),
(5560340,2,-65.6057,176.29,0.008819,0,0,0,100,0),
(5560340,3,-79.1766,174.338,0.009586,0,0,0,100,0),
(5560340,4,-98.5333,169.859,0.009586,0,0,0,100,0),
(5560340,5,-83.5945,169.903,0.011068,0,0,0,100,0),
(5560340,6,-74.5127,164.193,0.012176,0,0,0,100,0),
(5560340,7,-73.6493,141.066,0.007618,0,0,0,100,0),
(5560340,8,-70.2966,113.445,0.007618,0,0,0,100,0),
(5560430,1,-91.0329,294.407,26.4832,0,0,0,100,0),
(5560430,2,-81.7063,292.866,26.4832,0,0,0,100,0),
(5560430,3,-80.6594,288.42,26.4832,0,0,0,100,0),
(5560430,4,-81.6249,282.553,26.4832,0,0,0,100,0),
(5560430,5,-87.68,279.643,26.4832,0,0,0,100,0),
(5560430,6,-93.2193,281.313,26.4832,0,0,0,100,0),
(5560350,1,-16.2816,280.776,26.7306,0,0,0,100,0),
(5560350,2,-15.5628,292.962,26.7306,0,0,0,100,0),
(5560360,1,-113.311,272.276,26.5684,0,0,0,100,0),
(5560360,2,-124.553,276.964,27.2802,0,0,0,100,0),
(5560380,1,-89.817,313.61,25.8158,0,0,0,100,0),
(5560380,2,-100.139,299.988,26.4832,0,0,0,100,0);


-- Wrong faction
UPDATE creature_template SET faction_A = 16, faction_H = 16 WHERE entry = 21891;
