-- Spawns without waypoints
INSERT INTO `creature` (id, map, spawnmask, modelid, equipment_id, position_x, position_y, position_z, orientation, spawntimesecs, spawndist, currentwaypoint, curhealth, curmana, deathstate, movementtype) VALUES
(13021,429,1,0,0,-13.5981,-177.564,-2.71439,4.68805,25,0,0,16194,0,0,0),
(13196,429,1,0,0,-30.1335,-206.456,-4.07063,1.30603,25,0,0,15684,0,0,0),
(13196,429,1,0,0,-89.7275,-207.438,-4.05857,0.324761,25,0,0,15684,0,0,0),
(13022,429,1,0,0,-153.983,-197.963,-4.15306,0.107399,25,0,0,1900,0,0,0),
(13022,429,1,0,0,-154.327,-194.769,-4.15306,0.107399,25,0,0,1900,0,0,0),
(13022,429,1,0,0,-152.277,-200.5,-4.15298,0.107399,25,0,0,1900,0,0,0),
(13022,429,1,0,0,-150.127,-197.127,-4.15298,0.107399,25,0,0,1900,0,0,0),
(13022,429,1,0,0,-152.083,-195.557,-4.15298,0.107399,25,0,0,1900,0,0,0),
(13022,429,1,0,0,-150.529,-193.801,-4.15298,0.107399,25,0,0,1900,0,0,0),
(13022,429,1,0,0,-153.286,-192.46,-4.15298,0.107399,25,0,0,1900,0,0,0),
(13021,429,1,0,0,-133.405,-274.253,-4.0389,3.22434,25,0,0,16194,0,0,0),
(13196,429,1,0,0,-166.789,-272.603,-4.14636,0.0120578,25,0,0,15198,0,0,0),
(13022,429,1,0,0,-139.911,-323.489,-4.08696,1.75996,25,0,0,1900,0,0,0),
(13022,429,1,0,0,-138.043,-323.445,-4.0727,1.69473,25,0,0,1900,0,0,0),
(13022,429,1,0,0,-136.316,-321.768,-4.05949,1.75494,25,0,0,1900,0,0,0),
(13022,429,1,0,0,-139.052,-320.395,-4.08021,1.75494,25,0,0,1900,0,0,0),
(13022,429,1,0,0,-141.068,-320.771,-4.09484,1.75494,25,0,0,1900,0,0,0),
(13022,429,1,0,0,-143.174,-321.163,-4.112,1.75494,25,0,0,1900,0,0,0),
(13022,429,1,0,0,-142.76,-323.384,-4.10913,1.75494,25,0,0,1900,0,0,0),
(13196,429,1,0,0,-146.856,-368.349,-4.15165,1.53477,25,0,0,15684,0,0,0),
(13021,429,1,0,0,-114.716,-358.738,-4.14457,1.62168,25,0,0,16194,0,0,0),
(13022,429,1,0,0,-85.8676,-356.839,-4.12826,2.88539,25,0,0,1900,0,0,0),
(13022,429,1,0,0,-86.7474,-360.198,-4.14734,2.88539,25,0,0,1900,0,0,0),
(13022,429,1,0,0,-88.5798,-357.388,-4.13283,2.88539,25,0,0,1900,0,0,0),
(13022,429,1,0,0,-89.5323,-361.024,-4.14714,2.88539,25,0,0,1900,0,0,0),
(13022,429,1,0,0,-87.2303,-362.751,-4.14714,2.88539,25,0,0,1900,0,0,0),
(13022,429,1,0,0,-83.9803,-362.092,-4.14714,2.78503,25,0,0,1900,0,0,0),
(13022,429,1,0,0,-85.0676,-365.011,-4.13884,2.78503,25,0,0,1900,0,0,0),
(13196,429,1,0,0,-51.3299,-360.491,-4.14648,1.66606,25,0,0,15684,0,0,0),
(13021,429,1,0,0,-20.3881,-370.097,-4.07599,1.76641,25,0,0,16194,0,0,0),
(13022,429,1,0,0,40.1523,-348.995,-4.06654,3.14631,25,0,0,1900,0,0,0),
(13022,429,1,0,0,40.1622,-351.088,-4.08353,3.14631,25,0,0,1900,0,0,0),
(13022,429,1,0,0,40.1712,-352.985,-4.09892,3.14631,25,0,0,1900,0,0,0),
(13022,429,1,0,0,37.9834,-353.906,-4.10573,3.14631,25,0,0,1900,0,0,0),
(13022,429,1,0,0,37.7343,-351.657,-4.08826,3.34816,25,0,0,1900,0,0,0),
(13022,429,1,0,0,37.3437,-350.037,-4.07575,3.37827,25,0,0,1900,0,0,0),
(13022,429,1,0,0,36.7167,-347.438,-4.05426,3.37827,25,0,0,1900,0,0,0),
(13196,429,1,0,0,69.6483,-358.901,-4.14509,1.58603,25,0,0,15684,0,0,0),
(13021,429,1,0,0,130.431,-354.862,-4.15129,3.10141,25,0,0,16194,0,0,0),
(13022,429,1,0,0,111.563,-332.607,-4.10133,4.47629,25,0,0,1900,0,0,0),
(13022,429,1,0,0,110.087,-332.252,-4.0888,4.47629,25,0,0,1900,0,0,0),
(13022,429,1,0,0,107.851,-331.971,-4.06946,4.41608,25,0,0,1900,0,0,0),
(13022,429,1,0,0,113.516,-330.986,-4.11821,4.41608,25,0,0,1900,0,0,0),
(13022,429,1,0,0,111.742,-330.444,-4.10188,4.41608,25,0,0,1900,0,0,0),
(13022,429,1,0,0,110.376,-330.027,-4.09006,4.41608,25,0,0,1900,0,0,0),
(13022,429,1,0,0,107.43,-329.128,-4.066,4.41608,25,0,0,1900,0,0,0),
(11456,429,1,0,0,109.735,-494.664,-6.89375,5.35943,25,0,0,8097,0,0,0),
(11451,429,1,0,0,61.5207,-607.852,-25.1112,4.69708,25,0,0,7842,0,0,0),
(11451,429,1,0,0,57.0412,-607.918,-25.0629,4.72718,25,0,0,7842,0,0,0),
(13196,429,1,0,0,51.9958,-648.388,-25.1552,3.04119,25,0,0,15198,0,0,0);

-- Spawns with waypoints (hardcoded guids)
INSERT INTO `creature` VALUES
(8000000,11462,429,1,0,0,71.3978,-199.604,-4.12493,3.18772,25,0,0,7599,0,0,2),
(8000001,11464,429,1,0,0,-59.5634,-207.808,-4.05545,0.202115,25,0,0,6273,3175,0,2),
(8000002,11464,429,1,0,0,-40.0898,-200.84,-4.11701,0.00288105,25,0,0,6273,3175,0,2),
(8000003,11464,429,1,0,0,-42.1963,-187.535,-4.07475,5.65206,25,0,0,6477,3244,0,2),
(8000004,11462,429,1,0,0,-155.061,-205.364,-4.15173,0.358073,25,0,0,7842,0,0,2),
(8000005,11462,429,1,0,0,-157.444,-197.14,-4.15301,0.00351286,25,0,0,7599,0,0,2),
(8000006,11464,429,1,0,0,-141.032,-185.528,-4.10429,4.82398,25,0,0,6273,3175,0,2),
(8000007,11462,429,1,0,0,-162.385,-298.375,-4.14637,1.55755,25,0,0,7599,0,0,2),
(8000008,11462,429,1,0,0,-153.449,-300.839,-4.14637,1.58411,25,0,0,7842,0,0,2),
(8000009,11462,429,1,0,0,-141.076,-296.865,-4.09656,1.68792,25,0,0,7599,0,0,2),
(8000010,11462,429,1,0,0,-156.493,-356.172,-4.15226,0.0545105,25,0,0,7599,0,0,2),
(8000011,11464,429,1,0,0,-150.901,-355.25,-4.15215,0.119739,25,0,0,6273,3175,0,2),
(8000012,11462,429,1,0,0,-145.736,-354.553,-4.13597,0.119739,25,0,0,7842,0,0,2),
(8000013,11464,429,1,0,0,-47.9763,-347.382,-4.05098,6.02541,25,0,0,6477,3244,0,2),
(8000014,11462,429,1,0,0,-48.4162,-352.251,-4.09003,6.12995,25,0,0,7842,0,0,2),
(8000015,11464,429,1,0,0,-43.4617,-351.444,-4.08365,6.16508,25,0,0,6273,3175,0,2),
(8000016,11462,429,1,0,0,37.1759,-344.825,-4.03298,6.22752,25,0,0,7599,0,0,2),
(8000017,11462,429,1,0,0,42.5135,-350.941,-4.08181,6.22752,25,0,0,7842,0,0,2),
(8000018,11464,429,1,0,0,39.9747,-347.858,-4.0588,6.22752,25,0,0,6273,3175,0,2);

-- creature_addon
INSERT INTO `creature_addon` (guid, path_id) VALUES
(8000000, 8000000),
(8000001, 8000001),
(8000002, 8000002),
(8000003, 8000003),
(8000004, 8000004),
(8000005, 8000005),
(8000006, 8000006),
(8000007, 8000007),
(8000008, 8000008),
(8000009, 8000009),
(8000010, 8000010),
(8000011, 8000011),
(8000012, 8000012),
(8000013, 8000013),
(8000014, 8000014),
(8000015, 8000015),
(8000016, 8000016),
(8000017, 8000017),
(8000018, 8000018);

-- Associated waypoint_data
INSERT INTO `waypoint_data` VALUES
(8000000,1,71.3978,-199.604,-4.12493,0,0,0,100,0),
(8000000,2,13.3383,-199.926,-4.1247,0,0,0,100,0),
(8000000,3,-11.8691,-190.576,-4.13397,0,0,0,100,0),
(8000000,4,-28.5612,-200.264,-4.12481,0,0,0,100,0),
(8000001,1,-59.5634,-207.808,-4.05545,0,0,0,100,0),
(8000001,2,-28.9583,-201.537,-4.11317,0,0,0,100,0),
(8000001,3,-4.96508,-201.607,-4.11587,0,0,0,100,0),
(8000001,4,-5.31715,-193.698,-4.15166,0,0,0,100,0),
(8000001,5,-46.4565,-192.153,-4.14823,0,0,0,100,0),
(8000002,1,-40.0898,-200.84,-4.11701,0,0,0,100,0),
(8000002,2,6.19063,-200.706,-4.12033,0,0,0,100,0),
(8000003,1,-42.1963,-187.535,-4.07475,0,0,0,100,0),
(8000003,2,-17.7488,-206.361,-4.0738,0,0,0,100,0),
(8000003,3,-3.84707,-186.911,-4.07725,0,0,0,100,0),
(8000004,1,-155.208,-205.428,-4.15173,0,0,0,100,0),
(8000004,2,-135.726,-200.43,-4.12063,0,0,0,100,0),
(8000004,3,-112.952,-207.479,-4.05956,0,0,0,100,0),
(8000004,4,-90.5768,-201.798,-4.10625,0,0,0,100,0),
(8000004,5,-77.4727,-204.536,-4.08312,0,0,0,100,0),
(8000004,6,-77.7591,-189.89,-4.11282,0,0,0,100,0),
(8000004,7,-104.488,-198.719,-4.1323,0,0,0,100,0),
(8000004,8,-143.499,-192.401,-4.15019,0,0,0,100,0),
(8000005,1,-157.444,-197.14,-4.15301,0,0,0,100,0),
(8000005,2,-87.7829,-198.419,-4.13628,0,0,0,100,0),
(8000006,1,-141.109,-185.602,-4.10392,0,0,0,100,0),
(8000006,2,-129.912,-199.205,-4.13115,0,0,0,100,0),
(8000006,3,-107.986,-206.364,-4.06903,0,0,0,100,0),
(8000006,4,-86.4431,-198.03,-4.13771,0,0,0,100,0),
(8000006,5,-88.069,-187.844,-4.07911,0,0,0,100,0),
(8000006,6,-108.188,-198.189,-4.13555,0,0,0,100,0),
(8000006,7,-126.75,-193.482,-4.14696,0,0,0,100,0),
(8000007,1,-162.385,-298.375,-4.14637,0,0,0,100,0),
(8000007,2,-162.04,-256.551,-4.14637,0,0,0,100,0),
(8000007,3,-147.917,-253.524,-4.14637,0,0,0,100,0),
(8000007,4,-143.148,-273.025,-4.11165,0,0,0,100,0),
(8000008,1,-153.449,-300.839,-4.14638,0,0,0,100,0),
(8000008,2,-142.456,-285.26,-4.1078,0,0,0,100,0),
(8000008,3,-144.196,-262.634,-4.11839,0,0,0,100,0),
(8000008,4,-158.635,-260.314,-4.14585,0,0,0,100,0),
(8000008,5,-165.341,-279.151,-4.14585,0,0,0,100,0),
(8000009,1,-141.076,-296.865,-4.09656,0,0,0,100,0),
(8000009,2,-143.855,-278.131,-4.11702,0,0,0,100,0),
(8000009,3,-150.161,-260.693,-4.14641,0,0,0,100,0),
(8000009,4,-162.974,-260.954,-4.14641,0,0,0,100,0),
(8000009,5,-164.601,-278.378,-4.14641,0,0,0,100,0),
(8000009,6,-170.361,-292.243,-4.0971,0,0,0,100,0),
(8000010,1,-156.493,-356.172,-4.15227,0,0,0,100,0),
(8000010,2,-74.4352,-349.709,-4.07103,0,0,0,100,0),
(8000011,1,-150.901,-355.25,-4.15215,0,0,0,100,0),
(8000011,2,-70.5901,-349.042,-4.06557,0,0,0,100,0),
(8000012,1,-145.736,-354.553,-4.13597,0,0,0,100,0),
(8000012,2,-66.1406,-350.036,-4.07358,0,0,0,100,0),
(8000013,1,-47.9763,-347.382,-4.05098,0,0,0,100,0),
(8000013,2,-20.9676,-354.358,-4.10777,0,0,0,100,0),
(8000013,3,1.651,-349.733,-4.07341,0,0,0,100,0),
(8000013,4,15.2979,-358.558,-4.14418,0,0,0,100,0),
(8000013,5,5.2196,-358.259,-4.14246,0,0,0,100,0),
(8000013,6,-4.31922,-352.892,-4.09934,0,0,0,100,0),
(8000013,7,-21.8078,-357.097,-4.13047,0,0,0,100,0),
(8000014,1,-47.8464,-352.292,-4.09059,0,0,0,100,0),
(8000014,2,29.8423,-356.86,-4.13043,0,0,0,100,0),
(8000015,1,-43.4617,-351.444,-4.08365,0,0,0,100,0),
(8000015,2,-17.4971,-354.261,-4.10707,0,0,0,100,0),
(8000015,3,-10.7928,-347.186,-4.05141,0,0,0,100,0),
(8000015,4,5.28189,-345.883,-4.03902,0,0,0,100,0),
(8000015,5,16.755,-350.982,-4.08285,0,0,0,100,0),
(8000015,6,29.0044,-350.548,-4.07937,0,0,0,100,0),
(8000015,7,24.2159,-357.461,-4.13501,0,0,0,100,0),
(8000015,8,4.9604,-357.256,-4.13556,0,0,0,100,0),
(8000015,9,-1.47316,-354.767,-4.11481,0,0,0,100,0),
(8000015,10,-13.7125,-353.488,-4.1036,0,0,0,100,0),
(8000015,11,-23.5658,-358.36,-4.14152,0,0,0,100,0),
(8000016,1,37.6807,-344.944,-4.0324,0,0,0,100,0),
(8000016,2,116.575,-348.328,-4.14724,0,0,0,100,0),
(8000017,1,42.1882,-351.115,-4.08229,0,0,0,100,0),
(8000017,2,116.408,-356.285,-4.14724,0,0,0,100,0),
(8000018,1,39.9793,-347.717,-4.05589,0,0,0,100,0),
(8000018,2,116.467,-353.43,-4.14724,0,0,0,100,0);
