DELETE FROM creature WHERE guid IN (SELECT guid FROM game_event_creature WHERE event BETWEEN 18 AND 21);
DELETE FROM game_event_creature WHERE event BETWEEN 18 AND 21;

SET @GUID := FIXME;

DELETE FROM `creature` WHERE guid BETWEEN @GUID AND @GUID+591;
INSERT INTO `creature` (guid, id, `map`, position_x, position_y, position_z, orientation, spawntimesecs, spawndist) VALUES
(@GUID,15102,530,-1649.32,5219.5,-43.031,4.50295,120,0), -- 19
(@GUID+1,15105,530,-2054.11,5246.56,-39.2211,1.8326,120,0), -- 19
(@GUID+2,15105,530,-2054.87,5250.2,-38.944,5.06145,120,0), -- 19
(@GUID+3,15105,530,-1812.39,5364.03,-12.3448,0.698132,120,0), -- 19
(@GUID+4,15105,530,-1912.37,5497.59,-12.3448,3.66519,120,0), -- 19
(@GUID+5,15105,530,-1865.91,5144.91,-42.5324,1.8675,120,0), -- 19
(@GUID+6,15105,530,-2039.33,5327.61,-39.8431,1.55334,120,0), -- 19
(@GUID+7,20269,530,-1964.78,5259.32,-38.7629,4.43314,120,0), -- 19
(@GUID+8,15102,530,-2049.34,5348.6,-40.9915,5.51524,120,0), -- 19
(@GUID+9,15102,530,-2047.45,5346.7,-40.705,2.61799,120,0), -- 19
(@GUID+10,15102,530,-2033.21,5224.99,-41.0004,0.366519,120,0), -- 19
(@GUID+11,15102,530,-2030.25,5224.99,-41.3888,3.29867,120,0), -- 19
(@GUID+12,15102,530,-1944.16,5411.71,-12.3448,4.81711,120,0), -- 19
(@GUID+13,15102,530,-1943.89,5408,-12.3448,1.50098,120,0), -- 19
(@GUID+14,15102,530,-1885.31,5510.87,-12.3448,0.453786,120,0), -- 19
(@GUID+15,15102,530,-1881.62,5512.39,-12.3448,3.90954,120,0), -- 19
(@GUID+16,15102,530,-1850.34,5346.85,-12.3448,6.14356,120,0), -- 19
(@GUID+17,15102,530,-1846.33,5347.47,-12.3448,3.83972,120,0), -- 19
(@GUID+18,15102,530,-1840.23,5146.01,-42.2827,0.959931,120,0), -- 19
(@GUID+19,15102,530,-1817.3,5431.37,-12.3449,1.74533,120,0), -- 19
(@GUID+20,15105,530,-2039.23,5331.15,-40.4661,4.81711,120,0), -- 19
(@GUID+21,15105,530,-1955.67,5251.03,-42.389,5.32325,120,0), -- 19
(@GUID+22,15105,530,-1953.4,5248.49,-42.6463,2.11185,120,0), -- 19
(@GUID+23,15105,530,-1928.93,5379.56,-12.3448,5.27089,120,0), -- 19
(@GUID+24,15105,530,-1915.73,5495.29,-12.3448,0.191986,120,0), -- 19
(@GUID+25,15105,530,-1908.2,5433.96,-12.3449,1.74533,120,0), -- 19
(@GUID+26,15105,530,-1809.68,5366.84,-12.3448,3.92699,120,0), -- 19
(@GUID+27,15105,530,-1867.23,5148.14,-43.1353,4.97419,120,0), -- 19
(@GUID+28,15105,530,-1908.43,5437.61,-12.3449,4.93928,120,0), -- 19
(@GUID+29,15105,530,-1688.98,5531.12,-40.4948,4.64258,120,0), -- 19
(@GUID+30,15102,530,-1782.26,5249.88,-40.1258,1.0821,120,0), -- 19
(@GUID+31,15102,530,-1779.92,5252.18,-40.1258,3.90954,120,0), -- 19
(@GUID+32,15102,530,-1764.38,5158.26,-37.1216,5.86431,120,0), -- 19
(@GUID+33,15102,530,-1678.97,5505.96,-40.307,5.79449,120,0), -- 19
(@GUID+34,15102,530,-1676.71,5504.1,-40.316,2.6529,120,0), -- 19
(@GUID+35,15102,530,-1667.34,5413.18,-40.3227,4.7822,120,0), -- 19
(@GUID+36,15102,530,-1667.33,5410.56,-40.3227,1.6057,120,0), -- 19
(@GUID+37,15105,530,-1797.06,5479.81,-12.3448,2.1293,120,0), -- 19
(@GUID+38,15105,530,-1926.31,5376.15,-12.3448,2.11185,120,0), -- 19
(@GUID+39,15102,530,-1650.46,5216.03,-42.111,1.29154,120,0), -- 19
(@GUID+40,15102,530,-1839.07,5148.27,-42.8,4.29351,120,0), -- 19
(@GUID+41,15102,530,-1818.03,5434.83,-12.3449,4.60767,120,0), -- 19
(@GUID+42,15105,530,-1689.12,5527.93,-40.3166,1.50098,120,0), -- 19
(@GUID+43,15105,530,-1738.01,5147.58,-37.1216,4.04916,120,0), -- 19
(@GUID+44,15105,530,-1799.63,5482.91,-12.3448,5.18363,120,0), -- 19
(@GUID+45,15102,530,-1784.13,5455.85,-12.3448,4.7473,120,0), -- 19
(@GUID+46,15102,530,-1783.07,5451.48,-12.3448,1.76278,120,0), -- 19
(@GUID+47,20272,530,-1766.13,5257.02,-38.764,5.51524,120,0), -- 19
(@GUID+48,15105,530,-1669.92,5188.15,-43.2296,0.523599,120,0), -- 19
(@GUID+49,15105,530,-1666.55,5192.02,-41.3905,3.71755,120,0), -- 19
(@GUID+50,14990,530,-1666.55,5192.02,-41.3905,3.71755,120,0), -- 20
(@GUID+51,14990,530,-1669.92,5188.15,-43.2296,0.523599,120,0), -- 20
(@GUID+52,14990,530,-1688.98,5531.12,-40.4948,4.64258,120,0), -- 20
(@GUID+53,14990,530,-1689.12,5527.93,-40.3166,1.50098,120,0), -- 20
(@GUID+54,14990,530,-1738.01,5147.58,-37.1216,4.04916,120,0), -- 20
(@GUID+55,14990,530,-1797.06,5479.81,-12.3448,2.1293,120,0), -- 20
(@GUID+56,14990,530,-1799.63,5482.91,-12.3448,5.18363,120,0), -- 20
(@GUID+57,14990,530,-1809.68,5366.84,-12.3448,3.92699,120,0), -- 20
(@GUID+58,14990,530,-1812.39,5364.03,-12.3448,0.698132,120,0), -- 20
(@GUID+59,14990,530,-1865.91,5144.91,-42.5324,1.8675,120,0), -- 20
(@GUID+60,14990,530,-1867.23,5148.14,-43.1353,4.97419,120,0), -- 20
(@GUID+61,14990,530,-1908.2,5433.96,-12.3449,1.74533,120,0), -- 20
(@GUID+62,14990,530,-1908.43,5437.61,-12.3449,4.93928,120,0), -- 20
(@GUID+63,14990,530,-1912.37,5497.59,-12.3448,3.66519,120,0), -- 20
(@GUID+64,14990,530,-1915.73,5495.29,-12.3448,0.191986,120,0), -- 20
(@GUID+65,14990,530,-1926.31,5376.15,-12.3448,2.11185,120,0), -- 20
(@GUID+66,14990,530,-1928.93,5379.56,-12.3448,5.27089,120,0), -- 20
(@GUID+67,14990,530,-1953.4,5248.49,-42.6463,2.11185,120,0), -- 20
(@GUID+68,14990,530,-1955.67,5251.03,-42.389,5.32325,120,0), -- 20
(@GUID+69,14990,530,-2039.23,5331.15,-40.4661,4.81711,120,0), -- 20
(@GUID+70,14990,530,-2039.33,5327.61,-39.8431,1.55334,120,0), -- 20
(@GUID+71,14990,530,-2054.11,5246.56,-39.2211,1.8326,120,0), -- 20
(@GUID+72,14990,530,-2054.87,5250.2,-38.944,5.06145,120,0), -- 20
(@GUID+73,14991,530,-1649.32,5219.5,-43.031,4.50295,120,0), -- 20
(@GUID+74,14991,530,-1650.46,5216.03,-42.111,1.29154,120,0), -- 20
(@GUID+75,14991,530,-1667.33,5410.56,-40.3227,1.6057,120,0), -- 20
(@GUID+76,14991,530,-1667.34,5413.18,-40.3227,4.7822,120,0), -- 20
(@GUID+77,14991,530,-1676.71,5504.1,-40.316,2.6529,120,0), -- 20
(@GUID+78,14991,530,-1678.97,5505.96,-40.307,5.79449,120,0), -- 20
(@GUID+79,14991,530,-1764.38,5158.26,-37.1216,5.86431,120,0), -- 20
(@GUID+80,14991,530,-1779.92,5252.18,-40.1258,3.90954,120,0), -- 20
(@GUID+81,14991,530,-1782.26,5249.88,-40.1258,1.0821,120,0), -- 20
(@GUID+82,14991,530,-1783.07,5451.48,-12.3448,1.76278,120,0), -- 20
(@GUID+83,14991,530,-1784.13,5455.85,-12.3448,4.7473,120,0), -- 20
(@GUID+84,14991,530,-1817.3,5431.37,-12.3449,1.74533,120,0), -- 20
(@GUID+85,14991,530,-1818.03,5434.83,-12.3449,4.60767,120,0), -- 20
(@GUID+86,14991,530,-1839.07,5148.27,-42.8,4.29351,120,0), -- 20
(@GUID+87,14991,530,-1840.23,5146.01,-42.2827,0.959931,120,0), -- 20
(@GUID+88,14991,530,-1846.33,5347.47,-12.3448,3.83972,120,0), -- 20
(@GUID+89,14991,530,-1850.34,5346.85,-12.3448,6.14356,120,0), -- 20
(@GUID+90,14991,530,-1881.62,5512.39,-12.3448,3.90954,120,0), -- 20
(@GUID+91,14991,530,-1885.31,5510.87,-12.3448,0.453786,120,0), -- 20
(@GUID+92,14991,530,-1943.89,5408,-12.3448,1.50098,120,0), -- 20
(@GUID+93,14991,530,-1944.16,5411.71,-12.3448,4.81711,120,0), -- 20
(@GUID+94,14991,530,-2030.25,5224.99,-41.3888,3.29867,120,0), -- 20
(@GUID+95,14991,530,-2033.21,5224.99,-41.0004,0.366519,120,0), -- 20
(@GUID+96,14991,530,-2047.45,5346.7,-40.705,2.61799,120,0), -- 20
(@GUID+97,14991,530,-2049.34,5348.6,-40.9915,5.51524,120,0), -- 20
(@GUID+98,20274,530,-1964.78,5259.32,-38.7629,4.43314,120,0), -- 20
(@GUID+99,20273,530,-1766.13,5257.02,-38.764,5.51524,120,0), -- 20
(@GUID+100,22015,530,-1666.55,5192.02,-41.3905,3.71755,120,0), -- 21
(@GUID+101,22015,530,-1669.92,5188.15,-43.2296,0.523599,120,0), -- 21
(@GUID+102,22015,530,-1688.98,5531.12,-40.4948,4.64258,120,0), -- 21
(@GUID+103,22015,530,-1689.12,5527.93,-40.3166,1.50098,120,0), -- 21
(@GUID+104,22015,530,-1738.01,5147.58,-37.1216,4.04916,120,0), -- 21
(@GUID+105,22015,530,-1797.06,5479.81,-12.3448,2.1293,120,0), -- 21
(@GUID+106,22015,530,-1799.63,5482.91,-12.3448,5.18363,120,0), -- 21
(@GUID+107,22015,530,-1809.68,5366.84,-12.3448,3.92699,120,0), -- 21
(@GUID+108,22015,530,-1812.39,5364.03,-12.3448,0.698132,120,0), -- 21
(@GUID+109,22015,530,-1865.91,5144.91,-42.5324,1.8675,120,0), -- 21
(@GUID+110,22015,530,-1867.23,5148.14,-43.1353,4.97419,120,0), -- 21
(@GUID+111,22015,530,-1908.2,5433.96,-12.3449,1.74533,120,0), -- 21
(@GUID+112,22015,530,-1908.43,5437.61,-12.3449,4.93928,120,0), -- 21
(@GUID+113,22015,530,-1912.37,5497.59,-12.3448,3.66519,120,0), -- 21
(@GUID+114,22015,530,-1915.73,5495.29,-12.3448,0.191986,120,0), -- 21
(@GUID+115,22015,530,-1926.31,5376.15,-12.3448,2.11185,120,0), -- 21
(@GUID+116,22015,530,-1928.93,5379.56,-12.3448,5.27089,120,0), -- 21
(@GUID+117,22015,530,-1953.4,5248.49,-42.6463,2.11185,120,0), -- 21
(@GUID+118,22015,530,-1955.67,5251.03,-42.389,5.32325,120,0), -- 21
(@GUID+119,22015,530,-2039.23,5331.15,-40.4661,4.81711,120,0), -- 21
(@GUID+120,22015,530,-2039.33,5327.61,-39.8431,1.55334,120,0), -- 21
(@GUID+121,22015,530,-2054.11,5246.56,-39.2211,1.8326,120,0), -- 21
(@GUID+122,22015,530,-2054.87,5250.2,-38.944,5.06145,120,0), -- 21
(@GUID+123,22013,530,-1649.32,5219.5,-43.031,4.50295,120,0), -- 21
(@GUID+124,22013,530,-1650.46,5216.03,-42.111,1.29154,120,0), -- 21
(@GUID+125,22013,530,-1667.33,5410.56,-40.3227,1.6057,120,0), -- 21
(@GUID+126,22013,530,-1667.34,5413.18,-40.3227,4.7822,120,0), -- 21
(@GUID+127,22013,530,-1676.71,5504.1,-40.316,2.6529,120,0), -- 21
(@GUID+128,22013,530,-1678.97,5505.96,-40.307,5.79449,120,0), -- 21
(@GUID+129,22013,530,-1764.38,5158.26,-37.1216,5.86431,120,0), -- 21
(@GUID+130,22013,530,-1779.92,5252.18,-40.1258,3.90954,120,0), -- 21
(@GUID+131,22013,530,-1782.26,5249.88,-40.1258,1.0821,120,0), -- 21
(@GUID+132,22013,530,-1783.07,5451.48,-12.3448,1.76278,120,0), -- 21
(@GUID+133,22013,530,-1784.13,5455.85,-12.3448,4.7473,120,0), -- 21
(@GUID+134,22013,530,-1817.3,5431.37,-12.3449,1.74533,120,0), -- 21
(@GUID+135,22013,530,-1818.03,5434.83,-12.3449,4.60767,120,0), -- 21
(@GUID+136,22013,530,-1839.07,5148.27,-42.8,4.29351,120,0), -- 21
(@GUID+137,22013,530,-1840.23,5146.01,-42.2827,0.959931,120,0), -- 21
(@GUID+138,22013,530,-1846.33,5347.47,-12.3448,3.83972,120,0), -- 21
(@GUID+139,22013,530,-1850.34,5346.85,-12.3448,6.14356,120,0), -- 21
(@GUID+140,22013,530,-1881.62,5512.39,-12.3448,3.90954,120,0), -- 21
(@GUID+141,22013,530,-1885.31,5510.87,-12.3448,0.453786,120,0), -- 21
(@GUID+142,22013,530,-1943.89,5408,-12.3448,1.50098,120,0), -- 21
(@GUID+143,22013,530,-1944.16,5411.71,-12.3448,4.81711,120,0), -- 21
(@GUID+144,22013,530,-2030.25,5224.99,-41.3888,3.29867,120,0), -- 21
(@GUID+145,22013,530,-2033.21,5224.99,-41.0004,0.366519,120,0), -- 21
(@GUID+146,22013,530,-2047.45,5346.7,-40.705,2.61799,120,0), -- 21
(@GUID+147,22013,530,-2049.34,5348.6,-40.9915,5.51524,120,0), -- 21
(@GUID+148,20384,530,-1964.78,5259.32,-38.7629,4.43314,120,0), -- 21
(@GUID+149,20362,530,-1766.13,5257.02,-38.764,5.51524,120,0), -- 21
(@GUID+150,15106,530,-1666.55,5192.02,-41.3905,3.71755,120,0), -- 18
(@GUID+151,15106,530,-1669.92,5188.15,-43.2296,0.523599,120,0), -- 18
(@GUID+152,15106,530,-1688.98,5531.12,-40.4948,4.64258,120,0), -- 18
(@GUID+153,15106,530,-1689.12,5527.93,-40.3166,1.50098,120,0), -- 18
(@GUID+154,15106,530,-1738.01,5147.58,-37.1216,4.04916,120,0), -- 18
(@GUID+155,15106,530,-1797.06,5479.81,-12.3448,2.1293,120,0), -- 18
(@GUID+156,15106,530,-1799.63,5482.91,-12.3448,5.18363,120,0), -- 18
(@GUID+157,15106,530,-1809.68,5366.84,-12.3448,3.92699,120,0), -- 18
(@GUID+158,15106,530,-1812.39,5364.03,-12.3448,0.698132,120,0), -- 18
(@GUID+159,15106,530,-1865.91,5144.91,-42.5324,1.8675,120,0), -- 18
(@GUID+160,15106,530,-1867.23,5148.14,-43.1353,4.97419,120,0), -- 18
(@GUID+161,15106,530,-1908.2,5433.96,-12.3449,1.74533,120,0), -- 18
(@GUID+162,15106,530,-1908.43,5437.61,-12.3449,4.93928,120,0), -- 18
(@GUID+163,15106,530,-1912.37,5497.59,-12.3448,3.66519,120,0), -- 18
(@GUID+164,15106,530,-1915.73,5495.29,-12.3448,0.191986,120,0), -- 18
(@GUID+165,15106,530,-1926.31,5376.15,-12.3448,2.11185,120,0), -- 18
(@GUID+166,15106,530,-1928.93,5379.56,-12.3448,5.27089,120,0), -- 18
(@GUID+167,15106,530,-1953.4,5248.49,-42.6463,2.11185,120,0), -- 18
(@GUID+168,15106,530,-1955.67,5251.03,-42.389,5.32325,120,0), -- 18
(@GUID+169,15106,530,-2039.23,5331.15,-40.4661,4.81711,120,0), -- 18
(@GUID+170,15106,530,-2039.33,5327.61,-39.8431,1.55334,120,0), -- 18
(@GUID+171,15106,530,-2054.11,5246.56,-39.2211,1.8326,120,0), -- 18
(@GUID+172,15106,530,-2054.87,5250.2,-38.944,5.06145,120,0), -- 18
(@GUID+173,15103,530,-1649.32,5219.5,-43.031,4.50295,120,0), -- 18
(@GUID+174,15103,530,-1650.46,5216.03,-42.111,1.29154,120,0), -- 18
(@GUID+175,15103,530,-1667.33,5410.56,-40.3227,1.6057,120,0), -- 18
(@GUID+176,15103,530,-1667.34,5413.18,-40.3227,4.7822,120,0), -- 18
(@GUID+177,15103,530,-1676.71,5504.1,-40.316,2.6529,120,0), -- 18
(@GUID+178,15103,530,-1678.97,5505.96,-40.307,5.79449,120,0), -- 18
(@GUID+179,15103,530,-1764.38,5158.26,-37.1216,5.86431,120,0), -- 18
(@GUID+180,15103,530,-1779.92,5252.18,-40.1258,3.90954,120,0), -- 18
(@GUID+181,15103,530,-1782.26,5249.88,-40.1258,1.0821,120,0), -- 18
(@GUID+182,15103,530,-1783.07,5451.48,-12.3448,1.76278,120,0), -- 18
(@GUID+183,15103,530,-1784.13,5455.85,-12.3448,4.7473,120,0), -- 18
(@GUID+184,15103,530,-1817.3,5431.37,-12.3449,1.74533,120,0), -- 18
(@GUID+185,15103,530,-1818.03,5434.83,-12.3449,4.60767,120,0), -- 18
(@GUID+186,15103,530,-1839.07,5148.27,-42.8,4.29351,120,0), -- 18
(@GUID+187,15103,530,-1840.23,5146.01,-42.2827,0.959931,120,0), -- 18
(@GUID+188,15103,530,-1846.33,5347.47,-12.3448,3.83972,120,0), -- 18
(@GUID+189,15103,530,-1850.34,5346.85,-12.3448,6.14356,120,0), -- 18
(@GUID+190,15103,530,-1881.62,5512.39,-12.3448,3.90954,120,0), -- 18
(@GUID+191,15103,530,-1885.31,5510.87,-12.3448,0.453786,120,0), -- 18
(@GUID+192,15103,530,-1943.89,5408,-12.3448,1.50098,120,0), -- 18
(@GUID+193,15103,530,-1944.16,5411.71,-12.3448,4.81711,120,0), -- 18
(@GUID+194,15103,530,-2030.25,5224.99,-41.3888,3.29867,120,0), -- 18
(@GUID+195,15103,530,-2033.21,5224.99,-41.0004,0.366519,120,0), -- 18
(@GUID+196,15103,530,-2047.45,5346.7,-40.705,2.61799,120,0), -- 18
(@GUID+197,15103,530,-2049.34,5348.6,-40.9915,5.51524,120,0), -- 18
(@GUID+198,20276,530,-1964.78,5259.32,-38.7629,4.43314,120,0), -- 18
(@GUID+199,20271,530,-1766.13,5257.02,-38.764,5.51524,120,0), -- 18
(@GUID+200,22013,1,9727.12,2542.52,1335.24,2.42601,120,0), -- 21
(@GUID+201,22013,1,9952.47,2089.45,1327.72,4.78552,120,0), -- 21
(@GUID+202,22013,1,9959.42,2484.32,1316.13,0.750492,120,0), -- 21
(@GUID+203,22013,1,9961.1,2179.29,1327.8,5.13127,120,0), -- 21
(@GUID+204,22013,1,9983.62,2350.23,1330.87,4.92183,120,0), -- 21
(@GUID+205,22013,1,9724.21,2545,1335.76,5.58505,120,0), -- 21
(@GUID+206,22013,1,9951.12,2089.54,1327.72,4.78566,120,0), -- 21
(@GUID+207,22013,1,9962.13,2487.17,1316.12,3.9968,120,0), -- 21
(@GUID+208,22013,1,9962.88,2175.22,1327.8,1.97222,120,0), -- 21
(@GUID+209,22013,1,9984.56,2345.23,1330.87,1.74533,120,0), -- 21
(@GUID+210,20383,1,9976.16,2314.49,1330.87,0.750492,120,0), -- 21
(@GUID+211,14991,1,9727.12,2542.52,1335.24,2.42601,120,0), -- 20
(@GUID+212,14991,1,9952.47,2089.45,1327.72,4.78552,120,0), -- 20
(@GUID+213,14991,1,9959.42,2484.32,1316.13,0.750492,120,0), -- 20
(@GUID+214,14991,1,9961.1,2179.29,1327.8,5.13127,120,0), -- 20
(@GUID+215,14991,1,9983.62,2350.23,1330.87,4.92183,120,0), -- 20
(@GUID+216,14991,1,9724.21,2545,1335.76,5.58505,120,0), -- 20
(@GUID+217,14991,1,9951.12,2089.54,1327.72,4.78566,120,0), -- 20
(@GUID+218,14991,1,9962.13,2487.17,1316.12,3.9968,120,0), -- 20
(@GUID+219,14991,1,9962.88,2175.22,1327.8,1.97222,120,0), -- 20
(@GUID+220,14991,1,9984.56,2345.23,1330.87,1.74533,120,0), -- 20
(@GUID+221,907,1,9976.16,2314.49,1330.87,0.750492,120,0), -- 20
(@GUID+222,15103,1,9727.12,2542.52,1335.24,2.42601,120,0), -- 18
(@GUID+223,15103,1,9952.47,2089.45,1327.72,4.78552,120,0), -- 18
(@GUID+224,15103,1,9959.42,2484.32,1316.13,0.750492,120,0), -- 18
(@GUID+225,15103,1,9961.1,2179.29,1327.8,5.13127,120,0), -- 18
(@GUID+226,15103,1,9983.62,2350.23,1330.87,4.92183,120,0), -- 18
(@GUID+227,15103,1,9724.21,2545,1335.76,5.58505,120,0), -- 18
(@GUID+228,15103,1,9951.12,2089.54,1327.72,4.78566,120,0), -- 18
(@GUID+229,15103,1,9962.13,2487.17,1316.12,3.9968,120,0), -- 18
(@GUID+230,15103,1,9962.88,2175.22,1327.8,1.97222,120,0), -- 18
(@GUID+231,15103,1,9984.56,2345.23,1330.87,1.74533,120,0), -- 18
(@GUID+232,5118,1,9976.16,2314.49,1330.87,0.750492,120,0), -- 18
(@GUID+233,15102,1,9727.12,2542.52,1335.24,2.42601,120,0), -- 19
(@GUID+234,15102,1,9952.47,2089.45,1327.72,4.78552,120,0), -- 19
(@GUID+235,15102,1,9959.42,2484.32,1316.13,0.750492,120,0), -- 19
(@GUID+236,15102,1,9961.1,2179.29,1327.8,5.13127,120,0), -- 19
(@GUID+237,15102,1,9983.62,2350.23,1330.87,4.92183,120,0), -- 19
(@GUID+238,15102,1,9724.21,2545,1335.76,5.58505,120,0), -- 19
(@GUID+239,15102,1,9951.12,2089.54,1327.72,4.78566,120,0), -- 19
(@GUID+240,15102,1,9962.13,2487.17,1316.12,3.9968,120,0), -- 19
(@GUID+241,15102,1,9962.88,2175.22,1327.8,1.97222,120,0), -- 19
(@GUID+242,15102,1,9984.56,2345.23,1330.87,1.74533,120,0), -- 19
(@GUID+243,2302,1,9976.16,2314.49,1330.87,0.750492,120,0), -- 19
(@GUID+244,15103,530,-3828.45,-11723.7,-106.651,3.85718,120,0), -- 18
(@GUID+245,15103,530,-3844.63,-11420.5,-132.031,5.55015,120,0), -- 18
(@GUID+246,15103,530,-3893.99,-11617.7,-137.819,4.22421,120,0), -- 18
(@GUID+247,15103,530,-3912.03,-11629.6,-138.045,0.0872665,120,0), -- 18
(@GUID+248,15103,530,-3950.1,-11699.9,-138.724,2.00713,120,0), -- 18
(@GUID+249,15103,530,-4158.93,-11451.5,-130.977,2.07694,120,0), -- 18
(@GUID+250,15103,530,-3832.2,-11726.6,-106.758,0.523599,120,0), -- 18
(@GUID+251,15103,530,-3842.52,-11422.8,-132.023,2.63545,120,0), -- 18
(@GUID+252,15103,530,-3892.21,-11618.6,-137.797,4.2238,120,0), -- 18
(@GUID+253,15103,530,-3907.83,-11629.5,-137.97,3.15905,120,0), -- 18
(@GUID+254,15103,530,-3951.84,-11696.5,-138.727,5.34071,120,0), -- 18
(@GUID+255,15103,530,-4160.54,-11448.6,-130.924,5.37561,120,0), -- 18
(@GUID+256,20119,530,-3979.98,-11358.9,-122.421,3.71755,120,0), -- 18
(@GUID+257,22013,530,-3828.45,-11723.7,-106.651,3.85718,120,0), -- 21
(@GUID+258,22013,530,-3844.63,-11420.5,-132.031,5.55015,120,0), -- 21
(@GUID+259,22013,530,-3893.99,-11617.7,-137.819,4.22421,120,0), -- 21
(@GUID+260,22013,530,-3912.03,-11629.6,-138.045,0.0872665,120,0), -- 21
(@GUID+261,22013,530,-3950.1,-11699.9,-138.724,2.00713,120,0), -- 21
(@GUID+262,22013,530,-4158.93,-11451.5,-130.977,2.07694,120,0), -- 21
(@GUID+263,22013,530,-3832.2,-11726.6,-106.758,0.523599,120,0), -- 21
(@GUID+264,22013,530,-3842.52,-11422.8,-132.023,2.63545,120,0), -- 21
(@GUID+265,22013,530,-3892.21,-11618.6,-137.797,4.2238,120,0), -- 21
(@GUID+266,22013,530,-3907.83,-11629.5,-137.97,3.15905,120,0), -- 21
(@GUID+267,22013,530,-3951.84,-11696.5,-138.727,5.34071,120,0), -- 21
(@GUID+268,22013,530,-4160.54,-11448.6,-130.924,5.37561,120,0), -- 21
(@GUID+269,20382,530,-3979.98,-11358.9,-122.421,3.71755,120,0), -- 21
(@GUID+270,15102,530,-3828.45,-11723.7,-106.651,3.85718,120,0), -- 19
(@GUID+271,15102,530,-3844.63,-11420.5,-132.031,5.55015,120,0), -- 19
(@GUID+272,15102,530,-3893.99,-11617.7,-137.819,4.22421,120,0), -- 19
(@GUID+273,15102,530,-3912.03,-11629.6,-138.045,0.0872665,120,0), -- 19
(@GUID+274,15102,530,-3950.1,-11699.9,-138.724,2.00713,120,0), -- 19
(@GUID+275,15102,530,-4158.93,-11451.5,-130.977,2.07694,120,0), -- 19
(@GUID+276,15102,530,-3832.2,-11726.6,-106.758,0.523599,120,0), -- 19
(@GUID+277,15102,530,-3842.52,-11422.8,-132.023,2.63545,120,0), -- 19
(@GUID+278,15102,530,-3892.21,-11618.6,-137.797,4.2238,120,0), -- 19
(@GUID+279,15102,530,-3907.83,-11629.5,-137.97,3.15905,120,0), -- 19
(@GUID+280,15102,530,-3951.84,-11696.5,-138.727,5.34071,120,0), -- 19
(@GUID+281,15102,530,-4160.54,-11448.6,-130.924,5.37561,120,0), -- 19
(@GUID+282,20118,530,-3979.98,-11358.9,-122.421,3.71755,120,0), -- 19
(@GUID+283,14991,530,-3828.45,-11723.7,-106.651,3.85718,120,0), -- 20
(@GUID+284,14991,530,-3844.63,-11420.5,-132.031,5.55015,120,0), -- 20
(@GUID+285,14991,530,-3893.99,-11617.7,-137.819,4.22421,120,0), -- 20
(@GUID+286,14991,530,-3912.03,-11629.6,-138.045,0.0872665,120,0), -- 20
(@GUID+287,14991,530,-3950.1,-11699.9,-138.724,2.00713,120,0), -- 20
(@GUID+288,14991,530,-4158.93,-11451.5,-130.977,2.07694,120,0), -- 20
(@GUID+289,14991,530,-3832.2,-11726.6,-106.758,0.523599,120,0), -- 20
(@GUID+290,14991,530,-3842.52,-11422.8,-132.023,2.63545,120,0), -- 20
(@GUID+291,14991,530,-3892.21,-11618.6,-137.797,4.2238,120,0), -- 20
(@GUID+292,14991,530,-3907.83,-11629.5,-137.97,3.15905,120,0), -- 20
(@GUID+293,14991,530,-3951.84,-11696.5,-138.727,5.34071,120,0), -- 20
(@GUID+294,14991,530,-4160.54,-11448.6,-130.924,5.37561,120,0), -- 20
(@GUID+295,20120,530,-3979.98,-11358.9,-122.421,3.71755,120,0), -- 20
(@GUID+296,15103,0,-4680.56,-985.584,501.646,3.08923,120,0), -- 18
(@GUID+297,15103,0,-4683.46,-985.091,501.627,6.03884,120,0), -- 18
(@GUID+298,15103,0,-5007.03,-1177.84,501.66,5.94314,120,0), -- 18
(@GUID+299,15103,0,-5001.03,-1179.84,501.66,5.94313,120,0), -- 18
(@GUID+300,15103,0,-4836.85,-1171.63,502.277,2.44346,120,0), -- 18
(@GUID+301,15103,0,-4839.37,-1169.09,502.279,5.37561,120,0), -- 18
(@GUID+302,15103,0,-4916.43,-848.374,501.745,4.72984,120,0), -- 18
(@GUID+303,15103,0,-4916.61,-852.305,501.745,1.48353,120,0), -- 18
(@GUID+304,15103,0,-5032.97,-926.68,501.743,4.64258,120,0), -- 18
(@GUID+305,15103,0,-5033.75,-931.287,501.743,1.32645,120,0), -- 18
(@GUID+306,15103,0,-5033.87,-1266.07,505.383,2.07694,120,0), -- 18
(@GUID+307,15103,0,-5037.07,-1261.52,505.383,5.42797,120,0), -- 18
(@GUID+308,12197,0,-5038.18,-1266.1,510.408,3.82227,120,0), -- 18
(@GUID+309,22013,0,-4680.56,-985.584,501.646,3.08923,120,0), -- 21
(@GUID+310,22013,0,-4683.46,-985.091,501.627,6.03884,120,0), -- 21
(@GUID+311,22013,0,-5007.03,-1177.84,501.66,5.94314,120,0), -- 21
(@GUID+312,22013,0,-5001.03,-1179.84,501.66,5.94313,120,0), -- 21
(@GUID+313,22013,0,-4836.85,-1171.63,502.277,2.44346,120,0), -- 21
(@GUID+314,22013,0,-4839.37,-1169.09,502.279,5.37561,120,0), -- 21
(@GUID+315,22013,0,-4916.43,-848.374,501.745,4.72984,120,0), -- 21
(@GUID+316,22013,0,-4916.61,-852.305,501.745,1.48353,120,0), -- 21
(@GUID+317,22013,0,-5032.97,-926.68,501.743,4.64258,120,0), -- 21
(@GUID+318,22013,0,-5033.75,-931.287,501.743,1.32645,120,0), -- 21
(@GUID+319,22013,0,-5033.87,-1266.07,505.383,2.07694,120,0), -- 21
(@GUID+320,22013,0,-5037.07,-1261.52,505.383,5.42797,120,0), -- 21
(@GUID+321,20374,0,-5038.18,-1266.1,510.408,3.82227,120,0), -- 21
(@GUID+322,14991,0,-4680.56,-985.584,501.646,3.08923,120,0), -- 20
(@GUID+323,14991,0,-4683.46,-985.091,501.627,6.03884,120,0), -- 20
(@GUID+324,14991,0,-5007.03,-1177.84,501.66,5.94314,120,0), -- 20
(@GUID+325,14991,0,-5001.03,-1179.84,501.66,5.94313,120,0), -- 20
(@GUID+326,14991,0,-4836.85,-1171.63,502.277,2.44346,120,0), -- 20
(@GUID+327,14991,0,-4839.37,-1169.09,502.279,5.37561,120,0), -- 20
(@GUID+328,14991,0,-4916.43,-848.374,501.745,4.72984,120,0), -- 20
(@GUID+329,14991,0,-4916.61,-852.305,501.745,1.48353,120,0), -- 20
(@GUID+330,14991,0,-5032.97,-926.68,501.743,4.64258,120,0), -- 20
(@GUID+331,14991,0,-5033.75,-931.287,501.743,1.32645,120,0), -- 20
(@GUID+332,14991,0,-5033.87,-1266.07,505.383,2.07694,120,0), -- 20
(@GUID+333,14991,0,-5037.07,-1261.52,505.383,5.42797,120,0), -- 20
(@GUID+334,857,0,-5038.18,-1266.1,510.408,3.82227,120,0), -- 20
(@GUID+335,15102,0,-4680.56,-985.584,501.646,3.08923,120,0), -- 19
(@GUID+336,15102,0,-4683.46,-985.091,501.627,6.03884,120,0), -- 19
(@GUID+337,15102,0,-5007.03,-1177.84,501.66,5.94314,120,0), -- 19
(@GUID+338,15102,0,-5001.03,-1179.84,501.66,5.94313,120,0), -- 19
(@GUID+339,15102,0,-4836.85,-1171.63,502.277,2.44346,120,0), -- 19
(@GUID+340,15102,0,-4839.37,-1169.09,502.279,5.37561,120,0), -- 19
(@GUID+341,15102,0,-4916.43,-848.374,501.745,4.72984,120,0), -- 19
(@GUID+342,15102,0,-4916.61,-852.305,501.745,1.48353,120,0), -- 19
(@GUID+343,15102,0,-5032.97,-926.68,501.743,4.64258,120,0), -- 19
(@GUID+344,15102,0,-5033.75,-931.287,501.743,1.32645,120,0), -- 19
(@GUID+345,15102,0,-5033.87,-1266.07,505.383,2.07694,120,0), -- 19
(@GUID+346,15102,0,-5037.07,-1261.52,505.383,5.42797,120,0), -- 19
(@GUID+347,14982,0,-5038.18,-1266.1,510.408,3.82227,120,0), -- 19
(@GUID+348,15103,0,-8387.24,286.125,120.969,2.30383,120,0), -- 18
(@GUID+349,15103,0,-8411.89,575.031,92.3179,0.855211,120,0), -- 18
(@GUID+350,15103,0,-8570.55,536.096,101.568,5.53562,120,0), -- 18
(@GUID+351,15103,0,-8840.63,652.959,97.1951,5.60251,120,0), -- 18
(@GUID+352,15103,0,-8850.69,589.49,93.7805,4.06662,120,0), -- 18
(@GUID+353,15103,0,-8876.83,542.382,106.366,0.558505,120,0), -- 18
(@GUID+354,15103,0,-8389.1,288.407,120.969,5.53269,120,0), -- 18
(@GUID+355,15103,0,-8409.17,578.178,92.0571,3.9968,120,0), -- 18
(@GUID+356,15103,0,-8569.02,537.091,101.549,5.49044,120,0), -- 18
(@GUID+357,15103,0,-8838.8,651.394,96.8924,2.42601,120,0), -- 18
(@GUID+358,15103,0,-8853.08,587.01,94.0289,0.680678,120,0), -- 18
(@GUID+359,15103,0,-8873.52,544.724,106.367,3.82227,120,0), -- 18
(@GUID+360,7410,0,-8390.29,285.503,120.969,3.83972,120,0), -- 18
(@GUID+361,14991,0,-8387.24,286.125,120.969,2.30383,120,0), -- 20
(@GUID+362,14991,0,-8411.89,575.031,92.3179,0.855211,120,0), -- 20
(@GUID+363,14991,0,-8570.55,536.096,101.568,5.53562,120,0), -- 20
(@GUID+364,14991,0,-8840.63,652.959,97.1951,5.60251,120,0), -- 20
(@GUID+365,14991,0,-8850.69,589.49,93.7805,4.06662,120,0), -- 20
(@GUID+366,14991,0,-8876.83,542.382,106.366,0.558505,120,0), -- 20
(@GUID+367,14991,0,-8389.1,288.407,120.969,5.53269,120,0), -- 20
(@GUID+368,14991,0,-8409.17,578.178,92.0571,3.9968,120,0), -- 20
(@GUID+369,14991,0,-8569.02,537.091,101.549,5.49044,120,0), -- 20
(@GUID+370,14991,0,-8838.8,651.394,96.8924,2.42601,120,0), -- 20
(@GUID+371,14991,0,-8853.08,587.01,94.0289,0.680678,120,0), -- 20
(@GUID+372,14991,0,-8873.52,544.724,106.367,3.82227,120,0), -- 20
(@GUID+373,15008,0,-8390.29,285.503,120.969,3.83972,120,0), -- 20
(@GUID+374,22013,0,-8387.24,286.125,120.969,2.30383,120,0), -- 21
(@GUID+375,22013,0,-8411.89,575.031,92.3179,0.855211,120,0), -- 21
(@GUID+376,22013,0,-8570.55,536.096,101.568,5.53562,120,0), -- 21
(@GUID+377,22013,0,-8840.63,652.959,97.1951,5.60251,120,0), -- 21
(@GUID+378,22013,0,-8850.69,589.49,93.7805,4.06662,120,0), -- 21
(@GUID+379,22013,0,-8876.83,542.382,106.366,0.558505,120,0), -- 21
(@GUID+380,22013,0,-8389.1,288.407,120.969,5.53269,120,0), -- 21
(@GUID+381,22013,0,-8409.17,578.178,92.0571,3.9968,120,0), -- 21
(@GUID+382,22013,0,-8569.02,537.091,101.549,5.49044,120,0), -- 21
(@GUID+383,22013,0,-8838.8,651.394,96.8924,2.42601,120,0), -- 21
(@GUID+384,22013,0,-8853.08,587.01,94.0289,0.680678,120,0), -- 21
(@GUID+385,22013,0,-8873.52,544.724,106.367,3.82227,120,0), -- 21
(@GUID+386,20381,0,-8390.29,285.503,120.969,3.83972,120,0), -- 21
(@GUID+387,14991,0,-8387.24,286.125,120.969,2.30383,120,0), -- 19
(@GUID+388,14991,0,-8411.89,575.031,92.3179,0.855211,120,0), -- 19
(@GUID+389,14991,0,-8570.55,536.096,101.568,5.53562,120,0), -- 19
(@GUID+390,14991,0,-8840.63,652.959,97.1951,5.60251,120,0), -- 19
(@GUID+391,14991,0,-8850.69,589.49,93.7805,4.06662,120,0), -- 19
(@GUID+392,14991,0,-8876.83,542.382,106.366,0.558505,120,0), -- 19
(@GUID+393,14991,0,-8389.1,288.407,120.969,5.53269,120,0), -- 19
(@GUID+394,14991,0,-8409.17,578.178,92.0571,3.9968,120,0), -- 19
(@GUID+395,14991,0,-8569.02,537.091,101.549,5.49044,120,0), -- 19
(@GUID+396,14991,0,-8838.8,651.394,96.8924,2.42601,120,0), -- 19
(@GUID+397,14991,0,-8853.08,587.01,94.0289,0.680678,120,0), -- 19
(@GUID+398,14991,0,-8873.52,544.724,106.367,3.82227,120,0), -- 19
(@GUID+399,14981,0,-8390.29,285.503,120.969,3.83972,120,0), -- 19
(@GUID+400,15105,1,1658.86,-4389.01,23.9964,1.13446,120,0), -- 19
(@GUID+401,15105,1,1660.66,-4385.63,24.2068,4.11898,120,0), -- 19
(@GUID+402,15105,1,1665.84,-4344.94,61.5564,5.37561,120,0), -- 19
(@GUID+403,15105,1,1667.64,-4346.96,61.5564,2.37365,120,0), -- 19
(@GUID+404,15105,1,1743.73,-3966.88,49.4691,0.418879,120,0), -- 19
(@GUID+405,15105,1,1747.5,-3965.36,50.0846,3.49066,120,0), -- 19
(@GUID+406,15105,1,1954.35,-4722.71,42.659,1.99567,120,0), -- 19
(@GUID+407,15105,1,1952.39,-4723.16,42.1039,1.87001,120,0), -- 19
(@GUID+408,15105,1,1936.91,-4712.06,37.331,1.18682,120,0), -- 19
(@GUID+409,15105,1,1937.18,-4707.45,35.7722,4.36332,120,0), -- 19
(@GUID+410,3890,1,1987.05,-4800.83,56.1305,1.98968,120,0), -- 19
(@GUID+411,22015,1,1658.86,-4389.01,23.9964,1.13446,120,0), -- 21
(@GUID+412,22015,1,1660.66,-4385.63,24.2068,4.11898,120,0), -- 21
(@GUID+413,22015,1,1665.84,-4344.94,61.5564,5.37561,120,0), -- 21
(@GUID+414,22015,1,1667.64,-4346.96,61.5564,2.37365,120,0), -- 21
(@GUID+415,22015,1,1743.73,-3966.88,49.4691,0.418879,120,0), -- 21
(@GUID+416,22015,1,1747.5,-3965.36,50.0846,3.49066,120,0), -- 21
(@GUID+417,22015,1,1954.35,-4722.71,42.659,1.99567,120,0), -- 21
(@GUID+418,22015,1,1952.39,-4723.16,42.1039,1.87001,120,0), -- 21
(@GUID+419,22015,1,1936.91,-4712.06,37.331,1.18682,120,0), -- 21
(@GUID+420,22015,1,1937.18,-4707.45,35.7722,4.36332,120,0), -- 21
(@GUID+421,20385,1,1987.05,-4800.83,56.1305,1.98968,120,0), -- 21
(@GUID+422,14990,1,1658.86,-4389.01,23.9964,1.13446,120,0), -- 20
(@GUID+423,14990,1,1660.66,-4385.63,24.2068,4.11898,120,0), -- 20
(@GUID+424,14990,1,1665.84,-4344.94,61.5564,5.37561,120,0), -- 20
(@GUID+425,14990,1,1667.64,-4346.96,61.5564,2.37365,120,0), -- 20
(@GUID+426,14990,1,1743.73,-3966.88,49.4691,0.418879,120,0), -- 20
(@GUID+427,14990,1,1747.5,-3965.36,50.0846,3.49066,120,0), -- 20
(@GUID+428,14990,1,1954.35,-4722.71,42.659,1.99567,120,0), -- 20
(@GUID+429,14990,1,1952.39,-4723.16,42.1039,1.87001,120,0), -- 20
(@GUID+430,14990,1,1936.91,-4712.06,37.331,1.18682,120,0), -- 20
(@GUID+431,14990,1,1937.18,-4707.45,35.7722,4.36332,120,0), -- 20
(@GUID+432,15006,1,1987.05,-4800.83,56.1305,1.98968,120,0), -- 20
(@GUID+433,15106,1,1658.86,-4389.01,23.9964,1.13446,120,0), -- 18
(@GUID+434,15106,1,1660.66,-4385.63,24.2068,4.11898,120,0), -- 18
(@GUID+435,15106,1,1665.84,-4344.94,61.5564,5.37561,120,0), -- 18
(@GUID+436,15106,1,1667.64,-4346.96,61.5564,2.37365,120,0), -- 18
(@GUID+437,15106,1,1743.73,-3966.88,49.4691,0.418879,120,0), -- 18
(@GUID+438,15106,1,1747.5,-3965.36,50.0846,3.49066,120,0), -- 18
(@GUID+439,15106,1,1954.35,-4722.71,42.659,1.99567,120,0), -- 18
(@GUID+440,15106,1,1952.39,-4723.16,42.1039,1.87001,120,0), -- 18
(@GUID+441,15106,1,1936.91,-4712.06,37.331,1.18682,120,0), -- 18
(@GUID+442,15106,1,1937.18,-4707.45,35.7722,4.36332,120,0), -- 18
(@GUID+443,14942,1,1987.05,-4800.83,56.1305,1.98968,120,0), -- 18
(@GUID+444,15106,530,9513.94,-7302.81,14.5485,1.5708,120,0), -- 18
(@GUID+445,15106,530,9514.06,-7298.59,14.5415,4.66003,120,0), -- 18
(@GUID+446,15106,530,9513.21,-7281.77,14.0154,3.16165,120,0), -- 18
(@GUID+447,15106,530,9511.72,-7278.07,14.0154,3.16138,120,0), -- 18
(@GUID+448,15106,530,9592.06,-7183.32,14.3327,5.65487,120,0), -- 18
(@GUID+449,15106,530,9594.87,-7184.94,14.3359,2.54818,120,0), -- 18
(@GUID+450,15106,530,9649.15,-7415.19,13.692,5.98648,120,0), -- 18
(@GUID+451,15106,530,9652.97,-7416.21,13.6933,2.79253,120,0), -- 18
(@GUID+452,15106,530,9798.27,-7267.86,26.4264,1.16937,120,0), -- 18
(@GUID+453,15106,530,9799.57,-7264.23,26.3963,4.53786,120,0), -- 18
(@GUID+454,15106,530,9824.46,-7396.89,13.6925,0.506145,120,0), -- 18
(@GUID+455,15106,530,9828.81,-7395.16,13.6879,3.59538,120,0), -- 18
(@GUID+456,16695,530,9850.56,-7572.17,19.3332,1.79769,120,0), -- 18
(@GUID+457,15105,530,9513.94,-7302.81,14.5485,1.5708,120,0), -- 19
(@GUID+458,15105,530,9514.06,-7298.59,14.5415,4.66003,120,0), -- 19
(@GUID+459,15105,530,9513.21,-7281.77,14.0154,3.16165,120,0), -- 19
(@GUID+460,15105,530,9511.72,-7278.07,14.0154,3.16138,120,0), -- 19
(@GUID+461,15105,530,9592.06,-7183.32,14.3327,5.65487,120,0), -- 19
(@GUID+462,15105,530,9594.87,-7184.94,14.3359,2.54818,120,0), -- 19
(@GUID+463,15105,530,9649.15,-7415.19,13.692,5.98648,120,0), -- 19
(@GUID+464,15105,530,9652.97,-7416.21,13.6933,2.79253,120,0), -- 19
(@GUID+465,15105,530,9798.27,-7267.86,26.4264,1.16937,120,0), -- 19
(@GUID+466,15105,530,9799.57,-7264.23,26.3963,4.53786,120,0), -- 19
(@GUID+467,15105,530,9824.46,-7396.89,13.6925,0.506145,120,0), -- 19
(@GUID+468,15105,530,9828.81,-7395.16,13.6879,3.59538,120,0), -- 19
(@GUID+469,16696,530,9850.56,-7572.17,19.3332,1.79769,120,0), -- 19
(@GUID+470,22015,530,9513.94,-7302.81,14.5485,1.5708,120,0), -- 21
(@GUID+471,22015,530,9514.06,-7298.59,14.5415,4.66003,120,0), -- 21
(@GUID+472,22015,530,9513.21,-7281.77,14.0154,3.16165,120,0), -- 21
(@GUID+473,22015,530,9511.72,-7278.07,14.0154,3.16138,120,0), -- 21
(@GUID+474,22015,530,9592.06,-7183.32,14.3327,5.65487,120,0), -- 21
(@GUID+475,22015,530,9594.87,-7184.94,14.3359,2.54818,120,0), -- 21
(@GUID+476,22015,530,9649.15,-7415.19,13.692,5.98648,120,0), -- 21
(@GUID+477,22015,530,9652.97,-7416.21,13.6933,2.79253,120,0), -- 21
(@GUID+478,22015,530,9798.27,-7267.86,26.4264,1.16937,120,0), -- 21
(@GUID+479,22015,530,9799.57,-7264.23,26.3963,4.53786,120,0), -- 21
(@GUID+480,22015,530,9824.46,-7396.89,13.6925,0.506145,120,0), -- 21
(@GUID+481,22015,530,9828.81,-7395.16,13.6879,3.59538,120,0), -- 21
(@GUID+482,20390,530,9850.56,-7572.17,19.3332,1.79769,120,0), -- 21
(@GUID+483,14990,530,9513.94,-7302.81,14.5485,1.5708,120,0), -- 20
(@GUID+484,14990,530,9514.06,-7298.59,14.5415,4.66003,120,0), -- 20
(@GUID+485,14990,530,9513.21,-7281.77,14.0154,3.16165,120,0), -- 20
(@GUID+486,14990,530,9511.72,-7278.07,14.0154,3.16138,120,0), -- 20
(@GUID+487,14990,530,9592.06,-7183.32,14.3327,5.65487,120,0), -- 20
(@GUID+488,14990,530,9594.87,-7184.94,14.3359,2.54818,120,0), -- 20
(@GUID+489,14990,530,9649.15,-7415.19,13.692,5.98648,120,0), -- 20
(@GUID+490,14990,530,9652.97,-7416.21,13.6933,2.79253,120,0), -- 20
(@GUID+491,14990,530,9798.27,-7267.86,26.4264,1.16937,120,0), -- 20
(@GUID+492,14990,530,9799.57,-7264.23,26.3963,4.53786,120,0), -- 20
(@GUID+493,14990,530,9824.46,-7396.89,13.6925,0.506145,120,0), -- 20
(@GUID+494,14990,530,9828.81,-7395.16,13.6879,3.59538,120,0), -- 20
(@GUID+495,16694,530,9850.56,-7572.17,19.3332,1.79769,120,0), -- 20
(@GUID+496,15106,1,-1091.7,-17.997,140.475,1.13446,120,0), -- 18
(@GUID+497,15106,1,-1391.53,-85.9722,158.985,2.35896,120,0), -- 18
(@GUID+498,15106,1,-1247.75,54.7024,127.217,1.0472,120,0), -- 18
(@GUID+499,15106,1,-1277.94,138.47,131.94,5.35816,120,0), -- 18
(@GUID+500,15106,1,-1377.62,-61.9991,159.279,2.93215,120,0), -- 18
(@GUID+501,15106,1,-1090.22,-15.3547,140.657,4.15388,120,0), -- 18
(@GUID+502,15106,1,-1394.13,-86.12,158.935,2.19541,120,0), -- 18
(@GUID+503,15106,1,-1245.35,58.3835,127.089,4.11898,120,0), -- 18
(@GUID+504,15106,1,-1275.75,135.88,132.1,2.32129,120,0), -- 18
(@GUID+505,15106,1,-1381.3,-61.6688,159.135,0.0174533,120,0), -- 18
(@GUID+506,15106,1,-1049.16,234.144,134.639,2.32129,120,0), -- 18
(@GUID+507,15106,1,-1051.35,236.734,134.64,5.35816,120,0), -- 18
(@GUID+508,7427,1,-1384.14,-85.309,159.616,3.08923,120,0), -- 18
(@GUID+509,22015,1,-1091.7,-17.997,140.475,1.13446,120,0), -- 21
(@GUID+510,22015,1,-1391.53,-85.9722,158.985,2.35896,120,0), -- 21
(@GUID+511,22015,1,-1247.75,54.7024,127.217,1.0472,120,0), -- 21
(@GUID+512,22015,1,-1277.94,138.47,131.94,5.35816,120,0), -- 21
(@GUID+513,22015,1,-1377.62,-61.9991,159.279,2.93215,120,0), -- 21
(@GUID+514,22015,1,-1090.22,-15.3547,140.657,4.15388,120,0), -- 21
(@GUID+515,22015,1,-1394.13,-86.12,158.935,2.19541,120,0), -- 21
(@GUID+516,22015,1,-1245.35,58.3835,127.089,4.11898,120,0), -- 21
(@GUID+517,22015,1,-1275.75,135.88,132.1,2.32129,120,0), -- 21
(@GUID+518,22015,1,-1381.3,-61.6688,159.135,0.0174533,120,0), -- 21
(@GUID+519,22015,1,-1049.16,234.144,134.639,2.32129,120,0), -- 21
(@GUID+520,22015,1,-1051.35,236.734,134.64,5.35816,120,0), -- 21
(@GUID+521,20388,1,-1384.14,-85.309,159.616,3.08923,120,0), -- 21
(@GUID+522,15105,1,-1091.7,-17.997,140.475,1.13446,120,0), -- 19
(@GUID+523,15105,1,-1391.53,-85.9722,158.985,2.35896,120,0), -- 19
(@GUID+524,15105,1,-1247.75,54.7024,127.217,1.0472,120,0), -- 19
(@GUID+525,15105,1,-1277.94,138.47,131.94,5.35816,120,0), -- 19
(@GUID+526,15105,1,-1377.62,-61.9991,159.279,2.93215,120,0), -- 19
(@GUID+527,15105,1,-1090.22,-15.3547,140.657,4.15388,120,0), -- 19
(@GUID+528,15105,1,-1394.13,-86.12,158.935,2.19541,120,0), -- 19
(@GUID+529,15105,1,-1245.35,58.3835,127.089,4.11898,120,0), -- 19
(@GUID+530,15105,1,-1275.75,135.88,132.1,2.32129,120,0), -- 19
(@GUID+531,15105,1,-1381.3,-61.6688,159.135,0.0174533,120,0), -- 19
(@GUID+532,15105,1,-1049.16,234.144,134.639,2.32129,120,0), -- 19
(@GUID+533,15105,1,-1051.35,236.734,134.64,5.35816,120,0), -- 19
(@GUID+534,10360,1,-1384.14,-85.309,159.616,3.08923,120,0), -- 19
(@GUID+535,14990,1,-1091.7,-17.997,140.475,1.13446,120,0), -- 20
(@GUID+536,14990,1,-1391.53,-85.9722,158.985,2.35896,120,0), -- 20
(@GUID+537,14990,1,-1247.75,54.7024,127.217,1.0472,120,0), -- 20
(@GUID+538,14990,1,-1277.94,138.47,131.94,5.35816,120,0), -- 20
(@GUID+539,14990,1,-1377.62,-61.9991,159.279,2.93215,120,0), -- 20
(@GUID+540,14990,1,-1090.22,-15.3547,140.657,4.15388,120,0), -- 20
(@GUID+541,14990,1,-1394.13,-86.12,158.935,2.19541,120,0), -- 20
(@GUID+542,14990,1,-1245.35,58.3835,127.089,4.11898,120,0), -- 20
(@GUID+543,14990,1,-1275.75,135.88,132.1,2.32129,120,0), -- 20
(@GUID+544,14990,1,-1381.3,-61.6688,159.135,0.0174533,120,0), -- 20
(@GUID+545,14990,1,-1049.16,234.144,134.639,2.32129,120,0), -- 20
(@GUID+546,14990,1,-1051.35,236.734,134.64,5.35816,120,0), -- 20
(@GUID+547,12198,1,-1384.14,-85.309,159.616,3.08923,120,0), -- 20
(@GUID+548,15105,0,1265.31,353.748,-63.6368,4.15388,120,0), -- 19
(@GUID+549,15105,0,1522.57,242.055,-41.3065,4.2586,120,0), -- 19
(@GUID+550,15105,0,1593.71,316.03,-41.3411,6.21337,120,0), -- 19
(@GUID+551,15105,0,1597.46,164.685,-41.3411,2.6529,120,0), -- 19
(@GUID+552,15105,0,1632.72,182.795,-62.183,0.313487,120,0), -- 19
(@GUID+553,15105,0,1263.18,350.778,-63.6459,0.977384,120,0), -- 19
(@GUID+554,15105,0,1521.09,238.709,-41.3065,1.18682,120,0), -- 19
(@GUID+555,15105,0,1593.22,166.868,-41.3411,5.81195,120,0), -- 19
(@GUID+556,15105,0,1596.57,315.891,-41.3411,3.12414,120,0), -- 19
(@GUID+557,15105,0,1633.35,180.895,-62.1827,0.313509,120,0), -- 19
(@GUID+558,2804,0,1331.58,333.698,-63.6338,3.36849,120,0), -- 19
(@GUID+559,22015,0,1265.31,353.748,-63.6368,4.15388,120,0), -- 21
(@GUID+560,22015,0,1522.57,242.055,-41.3065,4.2586,120,0), -- 21
(@GUID+561,22015,0,1593.71,316.03,-41.3411,6.21337,120,0), -- 21
(@GUID+562,22015,0,1597.46,164.685,-41.3411,2.6529,120,0), -- 21
(@GUID+563,22015,0,1632.72,182.795,-62.183,0.313487,120,0), -- 21
(@GUID+564,22015,0,1263.18,350.778,-63.6459,0.977384,120,0), -- 21
(@GUID+565,22015,0,1521.09,238.709,-41.3065,1.18682,120,0), -- 21
(@GUID+566,22015,0,1593.22,166.868,-41.3411,5.81195,120,0), -- 21
(@GUID+567,22015,0,1596.57,315.891,-41.3411,3.12414,120,0), -- 21
(@GUID+568,22015,0,1633.35,180.895,-62.1827,0.313509,120,0), -- 21
(@GUID+569,20386,0,1331.58,333.698,-63.6338,3.36849,120,0), -- 21
(@GUID+570,14990,0,1265.31,353.748,-63.6368,4.15388,120,0), -- 20
(@GUID+571,14990,0,1522.57,242.055,-41.3065,4.2586,120,0), -- 20
(@GUID+572,14990,0,1593.71,316.03,-41.3411,6.21337,120,0), -- 20
(@GUID+573,14990,0,1597.46,164.685,-41.3411,2.6529,120,0), -- 20
(@GUID+574,14990,0,1632.72,182.795,-62.183,0.313487,120,0), -- 20
(@GUID+575,14990,0,1263.18,350.778,-63.6459,0.977384,120,0), -- 20
(@GUID+576,14990,0,1521.09,238.709,-41.3065,1.18682,120,0), -- 20
(@GUID+577,14990,0,1593.22,166.868,-41.3411,5.81195,120,0), -- 20
(@GUID+578,14990,0,1596.57,315.891,-41.3411,3.12414,120,0), -- 20
(@GUID+579,14990,0,1633.35,180.895,-62.1827,0.313509,120,0), -- 20
(@GUID+580,15007,0,1331.58,333.698,-63.6338,3.36849,120,0), -- 20
(@GUID+581,15106,0,1265.31,353.748,-63.6368,4.15388,120,0), -- 18
(@GUID+582,15106,0,1522.57,242.055,-41.3065,4.2586,120,0), -- 18
(@GUID+583,15106,0,1593.71,316.03,-41.3411,6.21337,120,0), -- 18
(@GUID+584,15106,0,1597.46,164.685,-41.3411,2.6529,120,0), -- 18
(@GUID+585,15106,0,1632.72,182.795,-62.183,0.313487,120,0), -- 18
(@GUID+586,15106,0,1263.18,350.778,-63.6459,0.977384,120,0), -- 18
(@GUID+587,15106,0,1521.09,238.709,-41.3065,1.18682,120,0), -- 18
(@GUID+588,15106,0,1593.22,166.868,-41.3411,5.81195,120,0), -- 18
(@GUID+589,15106,0,1596.57,315.891,-41.3411,3.12414,120,0), -- 18
(@GUID+590,15106,0,1633.35,180.895,-62.1827,0.313509,120,0), -- 18
(@GUID+591,347,0,1331.58,333.698,-63.6338,3.36849,120,0); -- 18

DELETE FROM `game_event_creature` WHERE guid BETWEEN @GUID AND @GUID+591;
INSERT INTO `game_event_creature` (guid, event) VALUES
(@GUID, 19),
(@GUID+1, 19),
(@GUID+2, 19),
(@GUID+3, 19),
(@GUID+4, 19),
(@GUID+5, 19),
(@GUID+6, 19),
(@GUID+7, 19),
(@GUID+8, 19),
(@GUID+9, 19),
(@GUID+10, 19),
(@GUID+11, 19),
(@GUID+12, 19),
(@GUID+13, 19),
(@GUID+14, 19),
(@GUID+15, 19),
(@GUID+16, 19),
(@GUID+17, 19),
(@GUID+18, 19),
(@GUID+19, 19),
(@GUID+20, 19),
(@GUID+21, 19),
(@GUID+22, 19),
(@GUID+23, 19),
(@GUID+24, 19),
(@GUID+25, 19),
(@GUID+26, 19),
(@GUID+27, 19),
(@GUID+28, 19),
(@GUID+29, 19),
(@GUID+30, 19),
(@GUID+31, 19),
(@GUID+32, 19),
(@GUID+33, 19),
(@GUID+34, 19),
(@GUID+35, 19),
(@GUID+36, 19),
(@GUID+37, 19),
(@GUID+38, 19),
(@GUID+39, 19),
(@GUID+40, 19),
(@GUID+41, 19),
(@GUID+42, 19),
(@GUID+43, 19),
(@GUID+44, 19),
(@GUID+45, 19),
(@GUID+46, 19),
(@GUID+47, 19),
(@GUID+48, 19),
(@GUID+49, 19),
(@GUID+50, 20),
(@GUID+51, 20),
(@GUID+52, 20),
(@GUID+53, 20),
(@GUID+54, 20),
(@GUID+55, 20),
(@GUID+56, 20),
(@GUID+57, 20),
(@GUID+58, 20),
(@GUID+59, 20),
(@GUID+60, 20),
(@GUID+61, 20),
(@GUID+62, 20),
(@GUID+63, 20),
(@GUID+64, 20),
(@GUID+65, 20),
(@GUID+66, 20),
(@GUID+67, 20),
(@GUID+68, 20),
(@GUID+69, 20),
(@GUID+70, 20),
(@GUID+71, 20),
(@GUID+72, 20),
(@GUID+73, 20),
(@GUID+74, 20),
(@GUID+75, 20),
(@GUID+76, 20),
(@GUID+77, 20),
(@GUID+78, 20),
(@GUID+79, 20),
(@GUID+80, 20),
(@GUID+81, 20),
(@GUID+82, 20),
(@GUID+83, 20),
(@GUID+84, 20),
(@GUID+85, 20),
(@GUID+86, 20),
(@GUID+87, 20),
(@GUID+88, 20),
(@GUID+89, 20),
(@GUID+90, 20),
(@GUID+91, 20),
(@GUID+92, 20),
(@GUID+93, 20),
(@GUID+94, 20),
(@GUID+95, 20),
(@GUID+96, 20),
(@GUID+97, 20),
(@GUID+98, 20),
(@GUID+99, 20),
(@GUID+100, 21),
(@GUID+101, 21),
(@GUID+102, 21),
(@GUID+103, 21),
(@GUID+104, 21),
(@GUID+105, 21),
(@GUID+106, 21),
(@GUID+107, 21),
(@GUID+108, 21),
(@GUID+109, 21),
(@GUID+110, 21),
(@GUID+111, 21),
(@GUID+112, 21),
(@GUID+113, 21),
(@GUID+114, 21),
(@GUID+115, 21),
(@GUID+116, 21),
(@GUID+117, 21),
(@GUID+118, 21),
(@GUID+119, 21),
(@GUID+120, 21),
(@GUID+121, 21),
(@GUID+122, 21),
(@GUID+123, 21),
(@GUID+124, 21),
(@GUID+125, 21),
(@GUID+126, 21),
(@GUID+127, 21),
(@GUID+128, 21),
(@GUID+129, 21),
(@GUID+130, 21),
(@GUID+131, 21),
(@GUID+132, 21),
(@GUID+133, 21),
(@GUID+134, 21),
(@GUID+135, 21),
(@GUID+136, 21),
(@GUID+137, 21),
(@GUID+138, 21),
(@GUID+139, 21),
(@GUID+140, 21),
(@GUID+141, 21),
(@GUID+142, 21),
(@GUID+143, 21),
(@GUID+144, 21),
(@GUID+145, 21),
(@GUID+146, 21),
(@GUID+147, 21),
(@GUID+148, 21),
(@GUID+149, 21),
(@GUID+150, 18),
(@GUID+151, 18),
(@GUID+152, 18),
(@GUID+153, 18),
(@GUID+154, 18),
(@GUID+155, 18),
(@GUID+156, 18),
(@GUID+157, 18),
(@GUID+158, 18),
(@GUID+159, 18),
(@GUID+160, 18),
(@GUID+161, 18),
(@GUID+162, 18),
(@GUID+163, 18),
(@GUID+164, 18),
(@GUID+165, 18),
(@GUID+166, 18),
(@GUID+167, 18),
(@GUID+168, 18),
(@GUID+169, 18),
(@GUID+170, 18),
(@GUID+171, 18),
(@GUID+172, 18),
(@GUID+173, 18),
(@GUID+174, 18),
(@GUID+175, 18),
(@GUID+176, 18),
(@GUID+177, 18),
(@GUID+178, 18),
(@GUID+179, 18),
(@GUID+180, 18),
(@GUID+181, 18),
(@GUID+182, 18),
(@GUID+183, 18),
(@GUID+184, 18),
(@GUID+185, 18),
(@GUID+186, 18),
(@GUID+187, 18),
(@GUID+188, 18),
(@GUID+189, 18),
(@GUID+190, 18),
(@GUID+191, 18),
(@GUID+192, 18),
(@GUID+193, 18),
(@GUID+194, 18),
(@GUID+195, 18),
(@GUID+196, 18),
(@GUID+197, 18),
(@GUID+198, 18),
(@GUID+199, 18),
(@GUID+200, 21),
(@GUID+201, 21),
(@GUID+202, 21),
(@GUID+203, 21),
(@GUID+204, 21),
(@GUID+205, 21),
(@GUID+206, 21),
(@GUID+207, 21),
(@GUID+208, 21),
(@GUID+209, 21),
(@GUID+210, 21),
(@GUID+211, 20),
(@GUID+212, 20),
(@GUID+213, 20),
(@GUID+214, 20),
(@GUID+215, 20),
(@GUID+216, 20),
(@GUID+217, 20),
(@GUID+218, 20),
(@GUID+219, 20),
(@GUID+220, 20),
(@GUID+221, 20),
(@GUID+222, 18),
(@GUID+223, 18),
(@GUID+224, 18),
(@GUID+225, 18),
(@GUID+226, 18),
(@GUID+227, 18),
(@GUID+228, 18),
(@GUID+229, 18),
(@GUID+230, 18),
(@GUID+231, 18),
(@GUID+232, 18),
(@GUID+233, 19),
(@GUID+234, 19),
(@GUID+235, 19),
(@GUID+236, 19),
(@GUID+237, 19),
(@GUID+238, 19),
(@GUID+239, 19),
(@GUID+240, 19),
(@GUID+241, 19),
(@GUID+242, 19),
(@GUID+243, 19),
(@GUID+244, 18),
(@GUID+245, 18),
(@GUID+246, 18),
(@GUID+247, 18),
(@GUID+248, 18),
(@GUID+249, 18),
(@GUID+250, 18),
(@GUID+251, 18),
(@GUID+252, 18),
(@GUID+253, 18),
(@GUID+254, 18),
(@GUID+255, 18),
(@GUID+256, 18),
(@GUID+257, 21),
(@GUID+258, 21),
(@GUID+259, 21),
(@GUID+260, 21),
(@GUID+261, 21),
(@GUID+262, 21),
(@GUID+263, 21),
(@GUID+264, 21),
(@GUID+265, 21),
(@GUID+266, 21),
(@GUID+267, 21),
(@GUID+268, 21),
(@GUID+269, 21),
(@GUID+270, 19),
(@GUID+271, 19),
(@GUID+272, 19),
(@GUID+273, 19),
(@GUID+274, 19),
(@GUID+275, 19),
(@GUID+276, 19),
(@GUID+277, 19),
(@GUID+278, 19),
(@GUID+279, 19),
(@GUID+280, 19),
(@GUID+281, 19),
(@GUID+282, 19),
(@GUID+283, 20),
(@GUID+284, 20),
(@GUID+285, 20),
(@GUID+286, 20),
(@GUID+287, 20),
(@GUID+288, 20),
(@GUID+289, 20),
(@GUID+290, 20),
(@GUID+291, 20),
(@GUID+292, 20),
(@GUID+293, 20),
(@GUID+294, 20),
(@GUID+295, 20),
(@GUID+296, 18),
(@GUID+297, 18),
(@GUID+298, 18),
(@GUID+299, 18),
(@GUID+300, 18),
(@GUID+301, 18),
(@GUID+302, 18),
(@GUID+303, 18),
(@GUID+304, 18),
(@GUID+305, 18),
(@GUID+306, 18),
(@GUID+307, 18),
(@GUID+308, 18),
(@GUID+309, 21),
(@GUID+310, 21),
(@GUID+311, 21),
(@GUID+312, 21),
(@GUID+313, 21),
(@GUID+314, 21),
(@GUID+315, 21),
(@GUID+316, 21),
(@GUID+317, 21),
(@GUID+318, 21),
(@GUID+319, 21),
(@GUID+320, 21),
(@GUID+321, 21),
(@GUID+322, 20),
(@GUID+323, 20),
(@GUID+324, 20),
(@GUID+325, 20),
(@GUID+326, 20),
(@GUID+327, 20),
(@GUID+328, 20),
(@GUID+329, 20),
(@GUID+330, 20),
(@GUID+331, 20),
(@GUID+332, 20),
(@GUID+333, 20),
(@GUID+334, 20),
(@GUID+335, 19),
(@GUID+336, 19),
(@GUID+337, 19),
(@GUID+338, 19),
(@GUID+339, 19),
(@GUID+340, 19),
(@GUID+341, 19),
(@GUID+342, 19),
(@GUID+343, 19),
(@GUID+344, 19),
(@GUID+345, 19),
(@GUID+346, 19),
(@GUID+347, 19),
(@GUID+348, 18),
(@GUID+349, 18),
(@GUID+350, 18),
(@GUID+351, 18),
(@GUID+352, 18),
(@GUID+353, 18),
(@GUID+354, 18),
(@GUID+355, 18),
(@GUID+356, 18),
(@GUID+357, 18),
(@GUID+358, 18),
(@GUID+359, 18),
(@GUID+360, 18),
(@GUID+361, 20),
(@GUID+362, 20),
(@GUID+363, 20),
(@GUID+364, 20),
(@GUID+365, 20),
(@GUID+366, 20),
(@GUID+367, 20),
(@GUID+368, 20),
(@GUID+369, 20),
(@GUID+370, 20),
(@GUID+371, 20),
(@GUID+372, 20),
(@GUID+373, 20),
(@GUID+374, 21),
(@GUID+375, 21),
(@GUID+376, 21),
(@GUID+377, 21),
(@GUID+378, 21),
(@GUID+379, 21),
(@GUID+380, 21),
(@GUID+381, 21),
(@GUID+382, 21),
(@GUID+383, 21),
(@GUID+384, 21),
(@GUID+385, 21),
(@GUID+386, 21),
(@GUID+387, 19),
(@GUID+388, 19),
(@GUID+389, 19),
(@GUID+390, 19),
(@GUID+391, 19),
(@GUID+392, 19),
(@GUID+393, 19),
(@GUID+394, 19),
(@GUID+395, 19),
(@GUID+396, 19),
(@GUID+397, 19),
(@GUID+398, 19),
(@GUID+399, 19),
(@GUID+400, 19),
(@GUID+401, 19),
(@GUID+402, 19),
(@GUID+403, 19),
(@GUID+404, 19),
(@GUID+405, 19),
(@GUID+406, 19),
(@GUID+407, 19),
(@GUID+408, 19),
(@GUID+409, 19),
(@GUID+410, 19),
(@GUID+411, 21),
(@GUID+412, 21),
(@GUID+413, 21),
(@GUID+414, 21),
(@GUID+415, 21),
(@GUID+416, 21),
(@GUID+417, 21),
(@GUID+418, 21),
(@GUID+419, 21),
(@GUID+420, 21),
(@GUID+421, 21),
(@GUID+422, 20),
(@GUID+423, 20),
(@GUID+424, 20),
(@GUID+425, 20),
(@GUID+426, 20),
(@GUID+427, 20),
(@GUID+428, 20),
(@GUID+429, 20),
(@GUID+430, 20),
(@GUID+431, 20),
(@GUID+432, 20),
(@GUID+433, 18),
(@GUID+434, 18),
(@GUID+435, 18),
(@GUID+436, 18),
(@GUID+437, 18),
(@GUID+438, 18),
(@GUID+439, 18),
(@GUID+440, 18),
(@GUID+441, 18),
(@GUID+442, 18),
(@GUID+443, 18),
(@GUID+444, 18),
(@GUID+445, 18),
(@GUID+446, 18),
(@GUID+447, 18),
(@GUID+448, 18),
(@GUID+449, 18),
(@GUID+450, 18),
(@GUID+451, 18),
(@GUID+452, 18),
(@GUID+453, 18),
(@GUID+454, 18),
(@GUID+455, 18),
(@GUID+456, 18),
(@GUID+457, 19),
(@GUID+458, 19),
(@GUID+459, 19),
(@GUID+460, 19),
(@GUID+461, 19),
(@GUID+462, 19),
(@GUID+463, 19),
(@GUID+464, 19),
(@GUID+465, 19),
(@GUID+466, 19),
(@GUID+467, 19),
(@GUID+468, 19),
(@GUID+469, 19),
(@GUID+470, 21),
(@GUID+471, 21),
(@GUID+472, 21),
(@GUID+473, 21),
(@GUID+474, 21),
(@GUID+475, 21),
(@GUID+476, 21),
(@GUID+477, 21),
(@GUID+478, 21),
(@GUID+479, 21),
(@GUID+480, 21),
(@GUID+481, 21),
(@GUID+482, 21),
(@GUID+483, 20),
(@GUID+484, 20),
(@GUID+485, 20),
(@GUID+486, 20),
(@GUID+487, 20),
(@GUID+488, 20),
(@GUID+489, 20),
(@GUID+490, 20),
(@GUID+491, 20),
(@GUID+492, 20),
(@GUID+493, 20),
(@GUID+494, 20),
(@GUID+495, 20),
(@GUID+496, 18),
(@GUID+497, 18),
(@GUID+498, 18),
(@GUID+499, 18),
(@GUID+500, 18),
(@GUID+501, 18),
(@GUID+502, 18),
(@GUID+503, 18),
(@GUID+504, 18),
(@GUID+505, 18),
(@GUID+506, 18),
(@GUID+507, 18),
(@GUID+508, 18),
(@GUID+509, 21),
(@GUID+510, 21),
(@GUID+511, 21),
(@GUID+512, 21),
(@GUID+513, 21),
(@GUID+514, 21),
(@GUID+515, 21),
(@GUID+516, 21),
(@GUID+517, 21),
(@GUID+518, 21),
(@GUID+519, 21),
(@GUID+520, 21),
(@GUID+521, 21),
(@GUID+522, 19),
(@GUID+523, 19),
(@GUID+524, 19),
(@GUID+525, 19),
(@GUID+526, 19),
(@GUID+527, 19),
(@GUID+528, 19),
(@GUID+529, 19),
(@GUID+530, 19),
(@GUID+531, 19),
(@GUID+532, 19),
(@GUID+533, 19),
(@GUID+534, 19),
(@GUID+535, 20),
(@GUID+536, 20),
(@GUID+537, 20),
(@GUID+538, 20),
(@GUID+539, 20),
(@GUID+540, 20),
(@GUID+541, 20),
(@GUID+542, 20),
(@GUID+543, 20),
(@GUID+544, 20),
(@GUID+545, 20),
(@GUID+546, 20),
(@GUID+547, 20),
(@GUID+548, 19),
(@GUID+549, 19),
(@GUID+550, 19),
(@GUID+551, 19),
(@GUID+552, 19),
(@GUID+553, 19),
(@GUID+554, 19),
(@GUID+555, 19),
(@GUID+556, 19),
(@GUID+557, 19),
(@GUID+558, 19),
(@GUID+559, 21),
(@GUID+560, 21),
(@GUID+561, 21),
(@GUID+562, 21),
(@GUID+563, 21),
(@GUID+564, 21),
(@GUID+565, 21),
(@GUID+566, 21),
(@GUID+567, 21),
(@GUID+568, 21),
(@GUID+569, 21),
(@GUID+570, 20),
(@GUID+571, 20),
(@GUID+572, 20),
(@GUID+573, 20),
(@GUID+574, 20),
(@GUID+575, 20),
(@GUID+576, 20),
(@GUID+577, 20),
(@GUID+578, 20),
(@GUID+579, 20),
(@GUID+580, 20),
(@GUID+581, 18),
(@GUID+582, 18),
(@GUID+583, 18),
(@GUID+584, 18),
(@GUID+585, 18),
(@GUID+586, 18),
(@GUID+587, 18),
(@GUID+588, 18),
(@GUID+589, 18),
(@GUID+590, 18),
(@GUID+591, 18);

SET @GUID := FIXME;

DELETE FROM gameobject WHERE guid IN (SELECT guid FROM game_event_gameobject WHERE event BETWEEN 18 AND 21);
DELETE FROM game_event_gameobject WHERE event BETWEEN 18 AND 21;

DELETE FROM `gameobject` WHERE guid BETWEEN @GUID AND @GUID+247;
INSERT INTO `gameobject` (guid, id, `map`, spawnMask, position_x, position_y, position_z, orientation, rotation0, rotation1, rotation2, rotation3, spawntimesecs, animprogress, `state`) VALUES
(@GUID,180394,530,1,9796.97,-7265.09,26.3169,-0.244346,0,0,0,0,120,0,1),
(@GUID+1,180394,530,1,-1869.24,5145.45,-43.819,0.279252,0,0,0,0,120,0,1),
(@GUID+2,180394,530,1,-1812.54,5367.46,-12.4281,-0.820303,0,0,0,0,120,0,1),
(@GUID+3,180394,530,1,-1691.07,5529.88,-40.4826,0.087266,0,0,0,0,120,0,1),
(@GUID+4,180394,530,1,-1667.11,5188.3,-41.6863,2.04204,0,0,0,0,120,0,1),
(@GUID+5,180394,1,1,-1249.68,52.4457,127.18,1.90241,0,0,0,0,120,0,1),
(@GUID+6,180394,1,1,-1273.51,134.157,132.078,-2.35619,0,0,0,0,120,0,1),
(@GUID+7,180394,1,1,-1377.53,-58.1542,158.909,-3.01941,0,0,0,0,120,0,1),
(@GUID+8,180394,1,1,-1383.05,-85.3854,159.173,3.03684,0,0,0,0,120,0,1),
(@GUID+9,180394,530,1,-1913.3,5494.24,-12.4281,1.97222,0,0,0,0,120,0,1),
(@GUID+10,180394,530,1,-1925.68,5379.22,-12.4281,-2.19911,0,0,0,0,120,0,1),
(@GUID+11,180394,530,1,-1951.99,5251.26,-42.7769,-2.44346,0,0,0,0,120,0,1),
(@GUID+12,180394,530,1,9652.13,-7413.59,13.6096,-1.83259,0,0,0,0,120,0,1),
(@GUID+13,180394,530,1,9589.49,-7185.62,14.243,0.977383,0,0,0,0,120,0,1),
(@GUID+14,180394,530,1,9516.67,-7300.51,14.4416,-3.10665,0,0,0,0,120,0,1),
(@GUID+15,180394,530,1,-1801.23,5480.02,-12.4281,0.610863,0,0,0,0,120,0,1),
(@GUID+16,180394,1,1,-1091.86,-20.8769,140.129,0.279252,0,0,0,0,120,0,1),
(@GUID+17,180394,530,1,9826.11,-7393.76,13.6034,-1.27409,0,0,0,0,120,0,1),
(@GUID+18,180394,530,1,-2057.13,5247.49,-38.8846,0.401425,0,0,0,0,120,0,1),
(@GUID+19,180394,530,1,-2038.02,5329.29,-40.1177,-3.00195,0,0,0,0,120,0,1),
(@GUID+20,180394,1,1,-1051.4,234.505,134.557,0.785397,0,0,0,0,120,0,1),
(@GUID+21,180394,1,1,1933.51,-4709.62,36.9714,1.62316,0,0,0,0,120,0,1),
(@GUID+22,180394,0,1,1599,311.549,-41.4244,-3.12412,0,0,0,0,120,0,1),
(@GUID+23,180394,0,1,1592.2,168.617,-41.4244,0,0,0,0,0,120,0,1),
(@GUID+24,180394,0,1,1332.82,334.003,-64.2348,-2.91469,0,0,0,0,120,0,1),
(@GUID+25,180394,1,1,1749.5,-3963.36,49.7743,-2.87979,0,0,0,0,120,0,1),
(@GUID+26,180394,1,1,1657.46,-4385.4,23.8067,-1.01229,0,0,0,0,120,0,1),
(@GUID+27,180394,530,1,-1910.95,5434.9,-12.4907,0.436332,0,0,0,0,120,0,1),
(@GUID+28,180394,0,1,1262.53,353.83,-63.6909,-0.802851,0,0,0,0,120,0,1),
(@GUID+29,180394,1,1,1663.59,-4343.19,61.4731,0.750491,0,0,0,0,120,0,1),
(@GUID+30,180394,0,1,1524.69,243.914,-41.3899,-1.55334,0,0,0,0,120,0,1),
(@GUID+31,180395,530,1,-2047.22,5349.4,-41.0873,-2.04204,0,0,0,0,120,0,1),
(@GUID+32,180395,530,1,9652.13,-7413.59,13.6096,-1.83259,0,0,0,0,120,0,1),
(@GUID+33,180395,530,1,9796.97,-7265.09,26.3169,-0.244346,0,0,0,0,120,0,1),
(@GUID+34,180395,530,1,9826.11,-7393.76,13.6034,-1.27409,0,0,0,0,120,0,1),
(@GUID+35,180395,530,1,-2032.08,5222.2,-40.845,1.51844,0,0,0,0,120,0,1),
(@GUID+36,180395,530,1,9516.67,-7300.51,14.4416,-3.10665,0,0,0,0,120,0,1),
(@GUID+37,180395,1,1,1933.51,-4709.62,36.9714,1.62316,0,0,0,0,120,0,1),
(@GUID+38,180395,1,1,1657.46,-4385.4,23.8067,-1.01229,0,0,0,0,120,0,1),
(@GUID+39,180395,530,1,-1669.15,5412.66,-40.5241,0.0174525,0,0,0,0,120,0,1),
(@GUID+40,180395,530,1,-1679.29,5503.42,-40.498,0.837757,0,0,0,0,120,0,1),
(@GUID+41,180395,530,1,-1782.78,5252.72,-40.3064,-0.837757,0,0,0,0,120,0,1),
(@GUID+42,180395,1,1,1663.59,-4343.19,61.4731,0.750491,0,0,0,0,120,0,1),
(@GUID+43,180395,530,1,-1785.7,5453.39,-12.5254,0.261798,0,0,0,0,120,0,1),
(@GUID+44,180395,530,1,-1815.18,5433.53,-12.4561,-2.9845,0,0,0,0,120,0,1),
(@GUID+45,180395,530,1,-1941.75,5409.94,-12.4698,-3.12412,0,0,0,0,120,0,1),
(@GUID+46,180395,530,1,-1648.13,5217.74,-42.6674,3.07177,0,0,0,0,120,0,1),
(@GUID+47,180395,530,1,-1837.35,5146.71,-42.902,2.77507,0,0,0,0,120,0,1),
(@GUID+48,180395,530,1,-1848.8,5349.16,-12.5184,-1.41372,0,0,0,0,120,0,1),
(@GUID+49,180395,530,1,-1882.48,5509.64,-12.5392,1.93731,0,0,0,0,120,0,1),
(@GUID+50,180395,1,1,1749.5,-3963.36,49.7743,-2.87979,0,0,0,0,120,0,1),
(@GUID+51,180395,0,1,1592.2,168.617,-41.4244,0,0,0,0,0,120,0,1),
(@GUID+52,180395,1,1,-1249.68,52.4457,127.18,1.90241,0,0,0,0,120,0,1),
(@GUID+53,180395,0,1,1599,311.549,-41.4244,-3.12412,0,0,0,0,120,0,1),
(@GUID+54,180395,1,1,-1273.51,134.157,132.078,-2.35619,0,0,0,0,120,0,1),
(@GUID+55,180395,1,1,-1091.86,-20.8769,140.129,0.279252,0,0,0,0,120,0,1),
(@GUID+56,180395,1,1,-1377.53,-58.1542,158.909,-3.01941,0,0,0,0,120,0,1),
(@GUID+57,180395,1,1,-1383.05,-85.3854,159.173,3.03684,0,0,0,0,120,0,1),
(@GUID+58,180395,1,1,-1051.4,234.505,134.557,0.785397,0,0,0,0,120,0,1),
(@GUID+59,180395,0,1,1262.53,353.83,-63.6909,-0.802851,0,0,0,0,120,0,1),
(@GUID+60,180395,0,1,1332.82,334.003,-64.2348,-2.91469,0,0,0,0,120,0,1),
(@GUID+61,180395,0,1,1524.69,243.914,-41.3899,-1.55334,0,0,0,0,120,0,1),
(@GUID+62,180395,530,1,9589.49,-7185.62,14.243,0.977383,0,0,0,0,120,0,1),
(@GUID+63,180396,1,1,1663.59,-4343.19,61.4731,0.750491,0,0,0,0,120,0,1),
(@GUID+64,180396,1,1,-1091.86,-20.8769,140.129,0.279252,0,0,0,0,120,0,1),
(@GUID+65,180396,1,1,-1249.68,52.4457,127.18,1.90241,0,0,0,0,120,0,1),
(@GUID+66,180396,1,1,-1273.51,134.157,132.078,-2.35619,0,0,0,0,120,0,1),
(@GUID+67,180396,0,1,1599,311.549,-41.4244,-3.12412,0,0,0,0,120,0,1),
(@GUID+68,180396,0,1,1592.2,168.617,-41.4244,0,0,0,0,0,120,0,1),
(@GUID+69,180396,0,1,1524.69,243.914,-41.3899,-1.55334,0,0,0,0,120,0,1),
(@GUID+70,180396,0,1,1332.82,334.003,-64.2348,-2.91469,0,0,0,0,120,0,1),
(@GUID+71,180396,0,1,1262.53,353.83,-63.6909,-0.802851,0,0,0,0,120,0,1),
(@GUID+72,180396,1,1,-1051.4,234.505,134.557,0.785397,0,0,0,0,120,0,1),
(@GUID+73,180396,1,1,-1383.05,-85.3854,159.173,3.03684,0,0,0,0,120,0,1),
(@GUID+74,180396,1,1,-1377.53,-58.1542,158.909,-3.01941,0,0,0,0,120,0,1),
(@GUID+75,180396,1,1,1657.46,-4385.4,23.8067,-1.01229,0,0,0,0,120,0,1),
(@GUID+76,180396,1,1,1749.5,-3963.36,49.7743,-2.87979,0,0,0,0,120,0,1),
(@GUID+77,180396,1,1,1933.51,-4709.62,36.9714,1.62316,0,0,0,0,120,0,1),
(@GUID+78,180396,530,1,9516.67,-7300.51,14.4416,-3.10665,0,0,0,0,120,0,1),
(@GUID+79,180396,530,1,9589.49,-7185.62,14.243,0.977383,0,0,0,0,120,0,1),
(@GUID+80,180396,530,1,9652.13,-7413.59,13.6096,-1.83259,0,0,0,0,120,0,1),
(@GUID+81,180396,530,1,9796.97,-7265.09,26.3169,-0.244346,0,0,0,0,120,0,1),
(@GUID+82,180396,530,1,9826.11,-7393.76,13.6034,-1.27409,0,0,0,0,120,0,1),
(@GUID+83,180396,530,1,-1648.13,5217.74,-42.6674,3.07177,0,0,0,0,120,0,1),
(@GUID+84,180396,530,1,-1679.29,5503.42,-40.498,0.837757,0,0,0,0,120,0,1),
(@GUID+85,180396,530,1,-1782.78,5252.72,-40.3064,-0.837757,0,0,0,0,120,0,1),
(@GUID+86,180396,530,1,-1785.7,5453.39,-12.5254,0.261798,0,0,0,0,120,0,1),
(@GUID+87,180396,530,1,-1815.18,5433.53,-12.4561,-2.9845,0,0,0,0,120,0,1),
(@GUID+88,180396,530,1,-1669.15,5412.66,-40.5241,0.0174525,0,0,0,0,120,0,1),
(@GUID+89,180396,530,1,-2047.22,5349.4,-41.0873,-2.04204,0,0,0,0,120,0,1),
(@GUID+90,180396,530,1,-2032.08,5222.2,-40.845,1.51844,0,0,0,0,120,0,1),
(@GUID+91,180396,530,1,-1941.75,5409.94,-12.4698,-3.12412,0,0,0,0,120,0,1),
(@GUID+92,180396,530,1,-1882.48,5509.64,-12.5392,1.93731,0,0,0,0,120,0,1),
(@GUID+93,180396,530,1,-1848.8,5349.16,-12.5184,-1.41372,0,0,0,0,120,0,1),
(@GUID+94,180396,530,1,-1837.35,5146.71,-42.902,2.77507,0,0,0,0,120,0,1),
(@GUID+95,180398,0,1,-5035.22,-921.683,501.659,0,0,0,0,0,120,0,1),
(@GUID+96,180398,0,1,-4917.68,-844.409,501.661,-2.46091,0,0,0,0,120,0,1),
(@GUID+97,180398,0,1,-4833.52,-1171.66,502.195,1.25664,0,0,0,0,120,0,1),
(@GUID+98,180398,0,1,-4675.3,-985.274,501.659,1.37881,0,0,0,0,120,0,1),
(@GUID+99,180398,530,1,-4161.39,-11451.6,-131.007,0.506145,0,0,0,0,120,0,1),
(@GUID+100,180398,530,1,-3948.02,-11696.9,-138.765,-2.75761,0,0,0,0,120,0,1),
(@GUID+101,180398,530,1,-3909.89,-11632.4,-138.081,1.62316,0,0,0,0,120,0,1),
(@GUID+102,180398,530,1,-3842.18,-11419.3,-132.054,-2.46091,0,0,0,0,120,0,1),
(@GUID+103,180398,0,1,-5038.93,-1258.81,505.3,0.715585,0,0,0,0,120,0,1),
(@GUID+104,180398,0,1,-8386.73,288.405,120.886,-2.47837,0,0,0,0,120,0,1),
(@GUID+105,180398,0,1,-8870.4,544.658,106.284,-1.22173,0,0,0,0,120,0,1),
(@GUID+106,180398,0,1,-8847.53,594.128,93.4274,2.42601,0,0,0,0,120,0,1),
(@GUID+107,180398,0,1,-8842.86,654.543,97.2775,-2.47837,0,0,0,0,120,0,1),
(@GUID+108,180398,0,1,-8404.05,577.197,91.9778,-0.994837,0,0,0,0,120,0,1),
(@GUID+109,180398,0,1,-8386.73,288.405,120.886,-2.47837,0,0,0,0,120,0,1),
(@GUID+110,180398,0,1,-8870.4,544.658,106.284,-1.22173,0,0,0,0,120,0,1),
(@GUID+111,180398,0,1,-8847.53,594.128,93.4274,2.42601,0,0,0,0,120,0,1),
(@GUID+112,180398,0,1,-8404.05,577.197,91.9778,-0.994837,0,0,0,0,120,0,1),
(@GUID+113,180398,530,1,-3828.2,-11728,-106.773,2.18166,0,0,0,0,120,0,1),
(@GUID+114,180398,530,1,-1951.99,5251.26,-42.7769,-2.44346,0,0,0,0,120,0,1),
(@GUID+115,180398,530,1,-1667.11,5188.3,-41.6863,2.04204,0,0,0,0,120,0,1),
(@GUID+116,180398,530,1,-1691.07,5529.88,-40.4826,0.087266,0,0,0,0,120,0,1),
(@GUID+117,180398,530,1,-1801.23,5480.02,-12.4281,0.610863,0,0,0,0,120,0,1),
(@GUID+118,180398,530,1,-1812.54,5367.46,-12.4281,-0.820303,0,0,0,0,120,0,1),
(@GUID+119,180398,1,1,9963.93,2490.04,1316.05,0,0,0,0,0,120,0,1),
(@GUID+120,180398,530,1,-1869.24,5145.45,-43.819,0.279252,0,0,0,0,120,0,1),
(@GUID+121,180398,530,1,-1910.95,5434.9,-12.4907,0.436332,0,0,0,0,120,0,1),
(@GUID+122,180398,530,1,-1913.3,5494.24,-12.4281,1.97222,0,0,0,0,120,0,1),
(@GUID+123,180398,530,1,-2057.13,5247.49,-38.8846,0.401425,0,0,0,0,120,0,1),
(@GUID+124,180398,1,1,9720.18,2545.46,1335.68,-0.977383,0,0,0,0,120,0,1),
(@GUID+125,180398,1,1,9965.64,2179.93,1328.07,-2.54818,0,0,0,0,120,0,1),
(@GUID+126,180398,530,1,-2038.02,5329.29,-40.1177,-3.00195,0,0,0,0,120,0,1),
(@GUID+127,180398,0,1,-8842.86,654.543,97.2775,-2.47837,0,0,0,0,120,0,1),
(@GUID+128,180398,530,1,-1925.68,5379.22,-12.4281,-2.19911,0,0,0,0,120,0,1),
(@GUID+129,180398,1,1,9985.21,2342.41,1330.79,0,0,0,0,0,120,0,1),
(@GUID+130,180399,0,1,-8842.86,654.543,97.2775,-2.47837,0,0,0,0,120,0,1),
(@GUID+131,180399,0,1,-8404.05,577.197,91.9778,-0.994837,0,0,0,0,120,0,1),
(@GUID+132,180399,0,1,-8386.73,288.405,120.886,-2.47837,0,0,0,0,120,0,1),
(@GUID+133,180399,0,1,-8847.53,594.128,93.4274,2.42601,0,0,0,0,120,0,1),
(@GUID+134,180399,530,1,-1951.99,5251.26,-42.7769,-2.44346,0,0,0,0,120,0,1),
(@GUID+135,180399,530,1,-1913.3,5494.24,-12.4281,1.97222,0,0,0,0,120,0,1),
(@GUID+136,180399,530,1,-2057.13,5247.49,-38.8846,0.401425,0,0,0,0,120,0,1),
(@GUID+137,180399,0,1,-8870.4,544.658,106.284,-1.22173,0,0,0,0,120,0,1),
(@GUID+138,180399,530,1,-2038.02,5329.29,-40.1177,-3.00195,0,0,0,0,120,0,1),
(@GUID+139,180399,1,1,9963.93,2490.04,1316.05,0,0,0,0,0,120,0,1),
(@GUID+140,180399,1,1,9720.18,2545.46,1335.68,-0.977383,0,0,0,0,120,0,1),
(@GUID+141,180399,530,1,-1869.24,5145.45,-43.819,0.279252,0,0,0,0,120,0,1),
(@GUID+142,180399,1,1,9985.21,2342.41,1330.79,0,0,0,0,0,120,0,1),
(@GUID+143,180399,1,1,9965.64,2179.93,1328.07,-2.54818,0,0,0,0,120,0,1),
(@GUID+144,180399,530,1,-1910.95,5434.9,-12.4907,0.436332,0,0,0,0,120,0,1),
(@GUID+145,180399,0,1,-4675.3,-985.274,501.659,1.37881,0,0,0,0,120,0,1),
(@GUID+146,180399,530,1,-3948.02,-11696.9,-138.765,-2.75761,0,0,0,0,120,0,1),
(@GUID+147,180399,530,1,-3909.89,-11632.4,-138.081,1.62316,0,0,0,0,120,0,1),
(@GUID+148,180399,530,1,-3842.18,-11419.3,-132.054,-2.46091,0,0,0,0,120,0,1),
(@GUID+149,180399,530,1,-1667.11,5188.3,-41.6863,2.04204,0,0,0,0,120,0,1),
(@GUID+150,180399,0,1,-4833.52,-1171.66,502.195,1.25664,0,0,0,0,120,0,1),
(@GUID+151,180399,0,1,-5035.22,-921.683,501.659,0,0,0,0,0,120,0,1),
(@GUID+152,180399,0,1,-5038.93,-1258.81,505.3,0.715585,0,0,0,0,120,0,1),
(@GUID+153,180399,0,1,-4917.68,-844.409,501.661,-2.46091,0,0,0,0,120,0,1),
(@GUID+154,180399,530,1,-3828.2,-11728,-106.773,2.18166,0,0,0,0,120,0,1),
(@GUID+155,180399,530,1,-1691.07,5529.88,-40.4826,0.087266,0,0,0,0,120,0,1),
(@GUID+156,180399,530,1,-1925.68,5379.22,-12.4281,-2.19911,0,0,0,0,120,0,1),
(@GUID+157,180399,530,1,-1801.23,5480.02,-12.4281,0.610863,0,0,0,0,120,0,1),
(@GUID+158,180399,530,1,-1812.54,5367.46,-12.4281,-0.820303,0,0,0,0,120,0,1),
(@GUID+159,180399,530,1,-4161.39,-11451.6,-131.007,0.506145,0,0,0,0,120,0,1),
(@GUID+160,180400,530,1,-1679.29,5503.42,-40.498,0.837757,0,0,0,0,120,0,1),
(@GUID+161,180400,530,1,-1837.35,5146.71,-42.902,2.77507,0,0,0,0,120,0,1),
(@GUID+162,180400,530,1,-1815.18,5433.53,-12.4561,-2.9845,0,0,0,0,120,0,1),
(@GUID+163,180400,530,1,-1782.78,5252.72,-40.3064,-0.837757,0,0,0,0,120,0,1),
(@GUID+164,180400,530,1,-1785.7,5453.39,-12.5254,0.261798,0,0,0,0,120,0,1),
(@GUID+165,180400,530,1,-1648.13,5217.74,-42.6674,3.07177,0,0,0,0,120,0,1),
(@GUID+166,180400,1,1,9965.64,2179.93,1328.07,-2.54818,0,0,0,0,120,0,1),
(@GUID+167,180400,0,1,-4833.52,-1171.66,502.195,1.25664,0,0,0,0,120,0,1),
(@GUID+168,180400,0,1,-4675.3,-985.274,501.659,1.37881,0,0,0,0,120,0,1),
(@GUID+169,180400,1,1,9720.18,2545.46,1335.68,-0.977383,0,0,0,0,120,0,1),
(@GUID+170,180400,1,1,9963.93,2490.04,1316.05,0,0,0,0,0,120,0,1),
(@GUID+171,180400,0,1,-5035.22,-921.683,501.659,0,0,0,0,0,120,0,1),
(@GUID+172,180400,1,1,9985.21,2342.41,1330.79,0,0,0,0,0,120,0,1),
(@GUID+173,180400,530,1,-1848.8,5349.16,-12.5184,-1.41372,0,0,0,0,120,0,1),
(@GUID+174,180400,530,1,-1882.48,5509.64,-12.5392,1.93731,0,0,0,0,120,0,1),
(@GUID+175,180400,530,1,-1941.75,5409.94,-12.4698,-3.12412,0,0,0,0,120,0,1),
(@GUID+176,180400,530,1,-2032.08,5222.2,-40.845,1.51844,0,0,0,0,120,0,1),
(@GUID+177,180400,0,1,-4917.68,-844.409,501.661,-2.46091,0,0,0,0,120,0,1),
(@GUID+178,180400,530,1,-2047.22,5349.4,-41.0873,-2.04204,0,0,0,0,120,0,1),
(@GUID+179,180400,530,1,-3828.2,-11728,-106.773,2.18166,0,0,0,0,120,0,1),
(@GUID+180,180400,530,1,-3842.18,-11419.3,-132.054,-2.46091,0,0,0,0,120,0,1),
(@GUID+181,180400,530,1,-3909.89,-11632.4,-138.081,1.62316,0,0,0,0,120,0,1),
(@GUID+182,180400,530,1,-3948.02,-11696.9,-138.765,-2.75761,0,0,0,0,120,0,1),
(@GUID+183,180400,530,1,-4161.39,-11451.6,-131.007,0.506145,0,0,0,0,120,0,1),
(@GUID+184,180400,530,1,-1669.15,5412.66,-40.5241,0.0174525,0,0,0,0,120,0,1),
(@GUID+185,180400,0,1,-5038.93,-1258.81,505.3,0.715585,0,0,0,0,120,0,1),
(@GUID+186,185106,530,1,-1869.24,5145.45,-43.819,0.279252,0,0,0,0,120,0,1),
(@GUID+187,185106,530,1,-1910.95,5434.9,-12.4907,0.436332,0,0,0,0,120,0,1),
(@GUID+188,185106,530,1,-1913.3,5494.24,-12.4281,1.97222,0,0,0,0,120,0,1),
(@GUID+189,185106,0,1,1332.82,334.003,-64.2348,-2.91469,0,0,0,0,120,0,1),
(@GUID+190,185106,1,1,-1091.86,-20.8769,140.129,0.279252,0,0,0,0,120,0,1),
(@GUID+191,185106,1,1,-1249.68,52.4457,127.18,1.90241,0,0,0,0,120,0,1),
(@GUID+192,185106,530,1,-2057.13,5247.49,-38.8846,0.401425,0,0,0,0,120,0,1),
(@GUID+193,185106,530,1,-2038.02,5329.29,-40.1177,-3.00195,0,0,0,0,120,0,1),
(@GUID+194,185106,530,1,-1951.99,5251.26,-42.7769,-2.44346,0,0,0,0,120,0,1),
(@GUID+195,185106,1,1,-1051.4,234.505,134.557,0.785397,0,0,0,0,120,0,1),
(@GUID+196,185106,530,1,-1925.68,5379.22,-12.4281,-2.19911,0,0,0,0,120,0,1),
(@GUID+197,185106,0,1,1262.53,353.83,-63.6909,-0.802851,0,0,0,0,120,0,1),
(@GUID+198,185106,0,1,1524.69,243.914,-41.3899,-1.55334,0,0,0,0,120,0,1),
(@GUID+199,185106,1,1,-1383.05,-85.3854,159.173,3.03684,0,0,0,0,120,0,1),
(@GUID+200,185106,1,1,-1377.53,-58.1542,158.909,-3.01941,0,0,0,0,120,0,1),
(@GUID+201,185106,0,1,1592.2,168.617,-41.4244,0,0,0,0,0,120,0,1),
(@GUID+202,185106,0,1,1599,311.549,-41.4244,-3.12412,0,0,0,0,120,0,1),
(@GUID+203,185106,1,1,-1273.51,134.157,132.078,-2.35619,0,0,0,0,120,0,1),
(@GUID+204,185106,530,1,-1812.54,5367.46,-12.4281,-0.820303,0,0,0,0,120,0,1),
(@GUID+205,185106,530,1,-1801.23,5480.02,-12.4281,0.610863,0,0,0,0,120,0,1),
(@GUID+206,185106,530,1,-1667.11,5188.3,-41.6863,2.04204,0,0,0,0,120,0,1),
(@GUID+207,185106,1,1,1663.59,-4343.19,61.4731,0.750491,0,0,0,0,120,0,1),
(@GUID+208,185106,1,1,1657.46,-4385.4,23.8067,-1.01229,0,0,0,0,120,0,1),
(@GUID+209,185106,1,1,1749.5,-3963.36,49.7743,-2.87979,0,0,0,0,120,0,1),
(@GUID+210,185106,1,1,1933.51,-4709.62,36.9714,1.62316,0,0,0,0,120,0,1),
(@GUID+211,185106,530,1,-1691.07,5529.88,-40.4826,0.087266,0,0,0,0,120,0,1),
(@GUID+212,185106,530,1,9516.67,-7300.51,14.4416,-3.10665,0,0,0,0,120,0,1),
(@GUID+213,185106,530,1,9589.49,-7185.62,14.243,0.977383,0,0,0,0,120,0,1),
(@GUID+214,185106,530,1,9652.13,-7413.59,13.6096,-1.83259,0,0,0,0,120,0,1),
(@GUID+215,185106,530,1,9796.97,-7265.09,26.3169,-0.244346,0,0,0,0,120,0,1),
(@GUID+216,185106,530,1,9826.11,-7393.76,13.6034,-1.27409,0,0,0,0,120,0,1),
(@GUID+217,185107,0,1,-5035.22,-921.683,501.659,0,0,0,0,0,120,0,1),
(@GUID+218,185107,0,1,-5038.93,-1258.81,505.3,0.715585,0,0,0,0,120,0,1),
(@GUID+219,185107,530,1,-3842.18,-11419.3,-132.054,-2.46091,0,0,0,0,120,0,1),
(@GUID+220,185107,1,1,9963.93,2490.04,1316.05,0,0,0,0,0,120,0,1),
(@GUID+221,185107,0,1,-8386.73,288.405,120.886,-2.47837,0,0,0,0,120,0,1),
(@GUID+222,185107,0,1,-8404.05,577.197,91.9778,-0.994837,0,0,0,0,120,0,1),
(@GUID+223,185107,0,1,-4917.68,-844.409,501.661,-2.46091,0,0,0,0,120,0,1),
(@GUID+224,185107,0,1,-4833.52,-1171.66,502.195,1.25664,0,0,0,0,120,0,1),
(@GUID+225,185107,0,1,-4675.3,-985.274,501.659,1.37881,0,0,0,0,120,0,1),
(@GUID+226,185107,530,1,-3828.2,-11728,-106.773,2.18166,0,0,0,0,120,0,1),
(@GUID+227,185107,530,1,-4161.39,-11451.6,-131.007,0.506145,0,0,0,0,120,0,1),
(@GUID+228,185107,530,1,-3948.02,-11696.9,-138.765,-2.75761,0,0,0,0,120,0,1),
(@GUID+229,185107,530,1,-3909.89,-11632.4,-138.081,1.62316,0,0,0,0,120,0,1),
(@GUID+230,185107,530,1,-2032.08,5222.2,-40.845,1.51844,0,0,0,0,120,0,1),
(@GUID+231,185107,0,1,-8842.86,654.543,97.2775,-2.47837,0,0,0,0,120,0,1),
(@GUID+232,185107,530,1,-2047.22,5349.4,-41.0873,-2.04204,0,0,0,0,120,0,1),
(@GUID+233,185107,0,1,-8847.53,594.128,93.4274,2.42601,0,0,0,0,120,0,1),
(@GUID+234,185107,1,1,9965.64,2179.93,1328.07,-2.54818,0,0,0,0,120,0,1),
(@GUID+235,185107,1,1,9985.21,2342.41,1330.79,0,0,0,0,0,120,0,1),
(@GUID+236,185107,0,1,-8870.4,544.658,106.284,-1.22173,0,0,0,0,120,0,1),
(@GUID+237,185107,530,1,-1648.13,5217.74,-42.6674,3.07177,0,0,0,0,120,0,1),
(@GUID+238,185107,530,1,-1669.15,5412.66,-40.5241,0.0174525,0,0,0,0,120,0,1),
(@GUID+239,185107,530,1,-1679.29,5503.42,-40.498,0.837757,0,0,0,0,120,0,1),
(@GUID+240,185107,530,1,-1782.78,5252.72,-40.3064,-0.837757,0,0,0,0,120,0,1),
(@GUID+241,185107,530,1,-1785.7,5453.39,-12.5254,0.261798,0,0,0,0,120,0,1),
(@GUID+242,185107,530,1,-1815.18,5433.53,-12.4561,-2.9845,0,0,0,0,120,0,1),
(@GUID+243,185107,530,1,-1837.35,5146.71,-42.902,2.77507,0,0,0,0,120,0,1),
(@GUID+244,185107,530,1,-1848.8,5349.16,-12.5184,-1.41372,0,0,0,0,120,0,1),
(@GUID+245,185107,530,1,-1882.48,5509.64,-12.5392,1.93731,0,0,0,0,120,0,1),
(@GUID+246,185107,530,1,-1941.75,5409.94,-12.4698,-3.12412,0,0,0,0,120,0,1),
(@GUID+247,185107,1,1,9720.18,2545.46,1335.68,-0.977383,0,0,0,0,120,0,1);

DELETE FROM `game_event_gameobject` WHERE guid BETWEEN @GUID AND @GUID+247;
INSERT INTO `game_event_gameobject` (guid, event) VALUES
(@GUID, 19),
(@GUID+1, 19),
(@GUID+2, 19),
(@GUID+3, 19),
(@GUID+4, 19),
(@GUID+5, 19),
(@GUID+6, 19),
(@GUID+7, 19),
(@GUID+8, 19),
(@GUID+9, 19),
(@GUID+10, 19),
(@GUID+11, 19),
(@GUID+12, 19),
(@GUID+13, 19),
(@GUID+14, 19),
(@GUID+15, 19),
(@GUID+16, 19),
(@GUID+17, 19),
(@GUID+18, 19),
(@GUID+19, 19),
(@GUID+20, 19),
(@GUID+21, 19),
(@GUID+22, 19),
(@GUID+23, 19),
(@GUID+24, 19),
(@GUID+25, 19),
(@GUID+26, 19),
(@GUID+27, 19),
(@GUID+28, 19),
(@GUID+29, 19),
(@GUID+30, 19),
(@GUID+31, 18),
(@GUID+32, 18),
(@GUID+33, 18),
(@GUID+34, 18),
(@GUID+35, 18),
(@GUID+36, 18),
(@GUID+37, 18),
(@GUID+38, 18),
(@GUID+39, 18),
(@GUID+40, 18),
(@GUID+41, 18),
(@GUID+42, 18),
(@GUID+43, 18),
(@GUID+44, 18),
(@GUID+45, 18),
(@GUID+46, 18),
(@GUID+47, 18),
(@GUID+48, 18),
(@GUID+49, 18),
(@GUID+50, 18),
(@GUID+51, 18),
(@GUID+52, 18),
(@GUID+53, 18),
(@GUID+54, 18),
(@GUID+55, 18),
(@GUID+56, 18),
(@GUID+57, 18),
(@GUID+58, 18),
(@GUID+59, 18),
(@GUID+60, 18),
(@GUID+61, 18),
(@GUID+62, 18),
(@GUID+63, 20),
(@GUID+64, 20),
(@GUID+65, 20),
(@GUID+66, 20),
(@GUID+67, 20),
(@GUID+68, 20),
(@GUID+69, 20),
(@GUID+70, 20),
(@GUID+71, 20),
(@GUID+72, 20),
(@GUID+73, 20),
(@GUID+74, 20),
(@GUID+75, 20),
(@GUID+76, 20),
(@GUID+77, 20),
(@GUID+78, 20),
(@GUID+79, 20),
(@GUID+80, 20),
(@GUID+81, 20),
(@GUID+82, 20),
(@GUID+83, 20),
(@GUID+84, 20),
(@GUID+85, 20),
(@GUID+86, 20),
(@GUID+87, 20),
(@GUID+88, 20),
(@GUID+89, 20),
(@GUID+90, 20),
(@GUID+91, 20),
(@GUID+92, 20),
(@GUID+93, 20),
(@GUID+94, 20),
(@GUID+95, 20),
(@GUID+96, 20),
(@GUID+97, 20),
(@GUID+98, 20),
(@GUID+99, 20),
(@GUID+100, 20),
(@GUID+101, 20),
(@GUID+102, 20),
(@GUID+103, 20),
(@GUID+104, 20),
(@GUID+105, 20),
(@GUID+106, 20),
(@GUID+107, 20),
(@GUID+108, 20),
(@GUID+109, 20),
(@GUID+110, 20),
(@GUID+111, 20),
(@GUID+112, 20),
(@GUID+113, 20),
(@GUID+114, 20),
(@GUID+115, 20),
(@GUID+116, 20),
(@GUID+117, 20),
(@GUID+118, 20),
(@GUID+119, 20),
(@GUID+120, 20),
(@GUID+121, 20),
(@GUID+122, 20),
(@GUID+123, 20),
(@GUID+124, 20),
(@GUID+125, 20),
(@GUID+126, 20),
(@GUID+127, 20),
(@GUID+128, 20),
(@GUID+129, 20),
(@GUID+130, 18),
(@GUID+131, 18),
(@GUID+132, 18),
(@GUID+133, 18),
(@GUID+134, 18),
(@GUID+135, 18),
(@GUID+136, 18),
(@GUID+137, 18),
(@GUID+138, 18),
(@GUID+139, 18),
(@GUID+140, 18),
(@GUID+141, 18),
(@GUID+142, 18),
(@GUID+143, 18),
(@GUID+144, 18),
(@GUID+145, 18),
(@GUID+146, 18),
(@GUID+147, 18),
(@GUID+148, 18),
(@GUID+149, 18),
(@GUID+150, 18),
(@GUID+151, 18),
(@GUID+152, 18),
(@GUID+153, 18),
(@GUID+154, 18),
(@GUID+155, 18),
(@GUID+156, 18),
(@GUID+157, 18),
(@GUID+158, 18),
(@GUID+159, 18),
(@GUID+160, 19),
(@GUID+161, 19),
(@GUID+162, 19),
(@GUID+163, 19),
(@GUID+164, 19),
(@GUID+165, 19),
(@GUID+166, 19),
(@GUID+167, 19),
(@GUID+168, 19),
(@GUID+169, 19),
(@GUID+170, 19),
(@GUID+171, 19),
(@GUID+172, 19),
(@GUID+173, 19),
(@GUID+174, 19),
(@GUID+175, 19),
(@GUID+176, 19),
(@GUID+177, 19),
(@GUID+178, 19),
(@GUID+179, 19),
(@GUID+180, 19),
(@GUID+181, 19),
(@GUID+182, 19),
(@GUID+183, 19),
(@GUID+184, 19),
(@GUID+185, 19),
(@GUID+186, 21),
(@GUID+187, 21),
(@GUID+188, 21),
(@GUID+189, 21),
(@GUID+190, 21),
(@GUID+191, 21),
(@GUID+192, 21),
(@GUID+193, 21),
(@GUID+194, 21),
(@GUID+195, 21),
(@GUID+196, 21),
(@GUID+197, 21),
(@GUID+198, 21),
(@GUID+199, 21),
(@GUID+200, 21),
(@GUID+201, 21),
(@GUID+202, 21),
(@GUID+203, 21),
(@GUID+204, 21),
(@GUID+205, 21),
(@GUID+206, 21),
(@GUID+207, 21),
(@GUID+208, 21),
(@GUID+209, 21),
(@GUID+210, 21),
(@GUID+211, 21),
(@GUID+212, 21),
(@GUID+213, 21),
(@GUID+214, 21),
(@GUID+215, 21),
(@GUID+216, 21),
(@GUID+217, 21),
(@GUID+218, 21),
(@GUID+219, 21),
(@GUID+220, 21),
(@GUID+221, 21),
(@GUID+222, 21),
(@GUID+223, 21),
(@GUID+224, 21),
(@GUID+225, 21),
(@GUID+226, 21),
(@GUID+227, 21),
(@GUID+228, 21),
(@GUID+229, 21),
(@GUID+230, 21),
(@GUID+231, 21),
(@GUID+232, 21),
(@GUID+233, 21),
(@GUID+234, 21),
(@GUID+235, 21),
(@GUID+236, 21),
(@GUID+237, 21),
(@GUID+238, 21),
(@GUID+239, 21),
(@GUID+240, 21),
(@GUID+241, 21),
(@GUID+242, 21),
(@GUID+243, 21),
(@GUID+244, 21),
(@GUID+245, 21),
(@GUID+246, 21),
(@GUID+247, 21);
